Country Name,Country Code,Indicator Name,Indicator Code,1991,1992,1993,1994,1995,1996,1997,1998,1999,2000,2001,2002,2003,2004,2005,2006,2007,2008,2009,2010,2011,2012,2013,2014
Aruba,ABW,"Unemployment, total (% of total labor force) (modeled ILO estimate)",SL.UEM.TOTL.ZS,,,,,,,,,,,,,,,,,,,,,,,,
Andorra,AND,"Unemployment, total (% of total labor force) (modeled ILO estimate)",SL.UEM.TOTL.ZS,,,,,,,,,,,,,,,,,,,,,,,,
Afghanistan,AFG,"Unemployment, total (% of total labor force) (modeled ILO estimate)",SL.UEM.TOTL.ZS,8.600000381,8.600000381,8.600000381,8.5,8.5,8.399999619,8.5,8.5,8.399999619,8.300000191,8.399999619,8.300000191,8.199999809,8.5,8.5,8.800000191,8.399999619,8.899999619,8.100000381,8.699999809,8.899999619,8.5,9.199999809,9.100000381
Angola,AGO,"Unemployment, total (% of total labor force) (modeled ILO estimate)",SL.UEM.TOTL.ZS,6.900000095,7,7.300000191,6.900000095,6.800000191,6.699999809,6.900000095,7,6.900000095,6.900000095,6.900000095,6.800000191,6.900000095,6.900000095,6.800000191,6.800000191,6.699999809,6.800000191,6.900000095,6.900000095,6.900000095,6.900000095,6.900000095,6.800000191
Albania,ALB,"Unemployment, total (% of total labor force) (modeled ILO estimate)",SL.UEM.TOTL.ZS,11.80000019,14.60000038,17.89999962,17.60000038,16.89999962,15.60000038,14.5,16,16,13.5,22.70000076,13.39999962,12.69999981,12.60000038,12.5,12.39999962,13.5,13,13.80000019,14.19999981,14,13.89999962,16,16.10000038
Arab World,ARB,"Unemployment, total (% of total labor force) (modeled ILO estimate)",SL.UEM.TOTL.ZS,12.55804243,12.8633647,13.15063875,13.43771981,13.74951192,13.60153454,13.15452346,13.30979391,12.56032782,13.4943662,13.27549341,13.31826753,13.82091526,13.14690638,12.14020197,11.32960339,10.8960778,10.50598657,10.31546029,10.33633437,11.33446034,11.45106494,11.40377951,11.51819713
United Arab Emirates,ARE,"Unemployment, total (% of total labor force) (modeled ILO estimate)",SL.UEM.TOTL.ZS,3,3,3.099999905,2,1.799999952,2.599999905,2.5,3.099999905,3.099999905,2.299999952,3.200000048,3.200000048,2.700000048,3.099999905,3.099999905,3.299999952,3.400000095,4,4.199999809,4.199999809,4.099999905,4,3.799999952,3.599999905
Argentina,ARG,"Unemployment, total (% of total labor force) (modeled ILO estimate)",SL.UEM.TOTL.ZS,5.800000191,6.699999809,10.10000038,12.10000038,18.79999924,17.20000076,14.89999962,12.80000019,14.10000038,15,18.29999924,17.89999962,16.10000038,12.60000038,10.60000038,10.10000038,8.5,7.800000191,8.600000381,7.699999809,7.199999809,7.199999809,7.099999905,8.199999809
Armenia,ARM,"Unemployment, total (% of total labor force) (modeled ILO estimate)",SL.UEM.TOTL.ZS,20,19.10000038,19.79999924,18.79999924,24,19.10000038,17.60000038,18.29999924,18.29999924,18.89999962,35.90000153,27.79999924,28.60000038,33.59999847,27.79999924,28.60000038,28.39999962,16.39999962,18.70000076,19,18.39999962,17.29999924,16.20000076,17.10000038
American Samoa,ASM,"Unemployment, total (% of total labor force) (modeled ILO estimate)",SL.UEM.TOTL.ZS,,,,,,,,,,,,,,,,,,,,,,,,
Antigua and Barbuda,ATG,"Unemployment, total (% of total labor force) (modeled ILO estimate)",SL.UEM.TOTL.ZS,,,,,,,,,,,,,,,,,,,,,,,,
Australia,AUS,"Unemployment, total (% of total labor force) (modeled ILO estimate)",SL.UEM.TOTL.ZS,9.600000381,10.80000019,10.89999962,9.699999809,8.5,8.5,8.5,7.699999809,6.900000095,6.300000191,6.800000191,6.400000095,5.900000095,5.400000095,5,4.800000191,4.400000095,4.199999809,5.599999905,5.199999809,5.099999905,5.199999809,5.699999809,6
Austria,AUT,"Unemployment, total (% of total labor force) (modeled ILO estimate)",SL.UEM.TOTL.ZS,3.400000095,3.599999905,4.300000191,3.5,3.700000048,4.099999905,4.199999809,4.199999809,3.700000048,3.5,3.599999905,4,4.300000191,4.900000095,5.199999809,4.699999809,4.400000095,3.799999952,4.800000191,4.400000095,4.099999905,4.300000191,4.900000095,5
Azerbaijan,AZE,"Unemployment, total (% of total labor force) (modeled ILO estimate)",SL.UEM.TOTL.ZS,5,8.100000381,8.100000381,7.5,6.5,4.699999809,6.599999905,7.199999809,5.199999809,11.80000019,10.89999962,10,9.199999809,8,7.300000191,6.599999905,6.300000191,5.900000095,5.699999809,5.599999905,5.400000095,5.199999809,5,5.199999809
Burundi,BDI,"Unemployment, total (% of total labor force) (modeled ILO estimate)",SL.UEM.TOTL.ZS,7,7.099999905,7.199999809,7.199999809,7.300000191,7.300000191,7.199999809,7.099999905,7.300000191,7.300000191,7.300000191,7.300000191,7.300000191,7.300000191,7.300000191,7.199999809,7.199999809,7.199999809,7.099999905,7.099999905,7.099999905,7,7,6.900000095
Belgium,BEL,"Unemployment, total (% of total labor force) (modeled ILO estimate)",SL.UEM.TOTL.ZS,7,6.699999809,8.100000381,9.600000381,9.300000191,9.5,9,9.300000191,8.600000381,6.599999905,6.199999809,7.5,8.199999809,8.399999619,8.399999619,8.199999809,7.5,7,7.900000095,8.300000191,7.099999905,7.5,8.399999619,8.5
Benin,BEN,"Unemployment, total (% of total labor force) (modeled ILO estimate)",SL.UEM.TOTL.ZS,0.800000012,1.5,1.200000048,1,0.899999976,0.699999988,0.800000012,0.899999976,0.899999976,0.800000012,0.699999988,0.699999988,0.899999976,1.299999952,1.299999952,1.100000024,1.100000024,1.100000024,1.200000048,1,1,1,1,1
Burkina Faso,BFA,"Unemployment, total (% of total labor force) (modeled ILO estimate)",SL.UEM.TOTL.ZS,2.599999905,2.400000095,3.099999905,2.599999905,2.400000095,2.400000095,2.299999952,2.400000095,2.299999952,3,2.299999952,3,2.799999952,2.799999952,2.700000048,2.299999952,3.299999952,3.299999952,3.299999952,3.299999952,3.299999952,3.299999952,3.299999952,3.099999905
Bangladesh,BGD,"Unemployment, total (% of total labor force) (modeled ILO estimate)",SL.UEM.TOTL.ZS,3.700000048,3.299999952,3.200000048,3,2.900000095,2.5,2.900000095,2.5,3.099999905,3.299999952,3.400000095,3.400000095,4.300000191,4.5,4.300000191,4.199999809,4.300000191,4.400000095,5,4.5,4.5,4.5,4.5,4.300000191
Bulgaria,BGR,"Unemployment, total (% of total labor force) (modeled ILO estimate)",SL.UEM.TOTL.ZS,18.39999962,13.80000019,21.39999962,20,15.69999981,13.5,13.69999981,12.19999981,14.10000038,16.20000076,19.89999962,18.10000038,13.69999981,12,10.10000038,8.899999619,6.900000095,5.599999905,6.800000191,10.19999981,11.30000019,12.30000019,12.89999962,11.60000038
Bahrain,BHR,"Unemployment, total (% of total labor force) (modeled ILO estimate)",SL.UEM.TOTL.ZS,4.199999809,4.599999905,5,3.900000095,4.199999809,3.900000095,4.199999809,3.900000095,3.900000095,4.5,4.199999809,4,4.099999905,4.599999905,4.400000095,4.099999905,5.599999905,3.700000048,4,3.599999905,4,3.700000048,3.700000048,3.900000095
"Bahamas, The",BHS,"Unemployment, total (% of total labor force) (modeled ILO estimate)",SL.UEM.TOTL.ZS,12.19999981,14.69999981,13,13.39999962,10.80000019,11.5,9.800000191,7.599999905,7.400000095,7.199999809,6.900000095,9,10.80000019,10.30000019,10.19999981,7.599999905,7.900000095,8.699999809,14.19999981,14.69999981,13.69999981,14,16.20000076,15.39999962
Bosnia and Herzegovina,BIH,"Unemployment, total (% of total labor force) (modeled ILO estimate)",SL.UEM.TOTL.ZS,23.20000076,23.79999924,25.5,27.70000076,25.20000076,25.70000076,28,26.29999924,25.79999924,25.20000076,27.60000038,24.60000038,26,28.29999924,26,31.79999924,29.70000076,23.89999962,24.10000038,27.20000076,27.60000038,28.10000038,27.39999962,27.89999962
Belarus,BLR,"Unemployment, total (% of total labor force) (modeled ILO estimate)",SL.UEM.TOTL.ZS,6.400000095,6.400000095,6.400000095,6.300000191,6.400000095,6.300000191,6.400000095,6.5,6.5,6.5,6.5,6.599999905,6.5,6.5,6.400000095,6.400000095,6.300000191,6.199999809,6.099999905,6.199999809,6.099999905,5.900000095,6,5.900000095
Belize,BLZ,"Unemployment, total (% of total labor force) (modeled ILO estimate)",SL.UEM.TOTL.ZS,10.80000019,10.80000019,9.800000191,11.10000038,12.5,13.80000019,12.69999981,14.30000019,12.80000019,10.89999962,9.100000381,10,10.30000019,10.5,11,9.399999619,8.5,8.199999809,11.19999981,10.80000019,12.30000019,14.39999962,11.69999981,11.5
Bermuda,BMU,"Unemployment, total (% of total labor force) (modeled ILO estimate)",SL.UEM.TOTL.ZS,,,,,,,,,,,,,,,,,,,,,,,,
Bolivia,BOL,"Unemployment, total (% of total labor force) (modeled ILO estimate)",SL.UEM.TOTL.ZS,2.900000095,5.199999809,4.900000095,5,5,5.199999809,4.300000191,3.5,4.300000191,4.800000191,5.400000095,5.400000095,5.400000095,4.300000191,5.400000095,5.300000191,5.199999809,2.900000095,3.400000095,3.299999952,2.700000048,2.700000048,2.599999905,2.700000048
Brazil,BRA,"Unemployment, total (% of total labor force) (modeled ILO estimate)",SL.UEM.TOTL.ZS,6.900000095,6.400000095,6,6,6,6.800000191,7.699999809,8.899999619,9.600000381,9.5,9.300000191,9.100000381,9.699999809,8.899999619,9.300000191,8.399999619,8.100000381,7.099999905,8.300000191,7.900000095,6.699999809,6.099999905,6.5,6.800000191
Barbados,BRB,"Unemployment, total (% of total labor force) (modeled ILO estimate)",SL.UEM.TOTL.ZS,17.10000038,22.89999962,25.60000038,23,19.70000076,14.69999981,14.60000038,12.30000019,10.39999962,9.300000191,9.800000191,10.30000019,11,9.800000191,9.100000381,8.699999809,7.400000095,8.100000381,10,10.80000019,11.19999981,11.60000038,11.60000038,12
Brunei Darussalam,BRN,"Unemployment, total (% of total labor force) (modeled ILO estimate)",SL.UEM.TOTL.ZS,4.699999809,4.199999809,3.700000048,3.799999952,4,4.199999809,3.599999905,3.599999905,4.5,4.099999905,3.900000095,3.900000095,4,3.400000095,3.400000095,3.299999952,3.299999952,3.299999952,3.5,3.700000048,3.700000048,3.799999952,3.799999952,3.799999952
Bhutan,BTN,"Unemployment, total (% of total labor force) (modeled ILO estimate)",SL.UEM.TOTL.ZS,3,3,2.900000095,2.900000095,2.900000095,2.5,1.700000048,1.399999976,1.399999976,1.700000048,1.899999976,1.899999976,1.799999952,2.5,3.099999905,3.099999905,3.700000048,3.799999952,4,3.299999952,3.099999905,2.099999905,2.900000095,2.799999952
Botswana,BWA,"Unemployment, total (% of total labor force) (modeled ILO estimate)",SL.UEM.TOTL.ZS,19.89999962,22.20000076,22.79999924,21.20000076,21.5,21.5,21,20.79999924,21.89999962,22.10000038,23.20000076,20.20000076,23.79999924,22.89999962,22,17.60000038,18.5,21.89999962,18.39999962,17.89999962,17.79999924,17.70000076,17.60000038,18.20000076
Central African Republic,CAF,"Unemployment, total (% of total labor force) (modeled ILO estimate)",SL.UEM.TOTL.ZS,6.900000095,7,7,6.900000095,6.900000095,7.099999905,6.900000095,6.900000095,6.900000095,7,7,7,7.099999905,7,7,6.900000095,6.900000095,7,6.900000095,6.900000095,6.900000095,6.900000095,7.400000095,7.400000095
Canada,CAN,"Unemployment, total (% of total labor force) (modeled ILO estimate)",SL.UEM.TOTL.ZS,10.30000019,11.19999981,11.39999962,10.39999962,9.5,9.600000381,9.100000381,8.300000191,7.599999905,6.800000191,7.199999809,7.699999809,7.599999905,7.199999809,6.699999809,6.300000191,6,6.099999905,8.300000191,8,7.400000095,7.199999809,7.099999905,6.900000095
Central Europe and the Baltics,CEB,"Unemployment, total (% of total labor force) (modeled ILO estimate)",SL.UEM.TOTL.ZS,10.22463093,10.43297204,11.7227658,11.76223383,10.90606918,9.946857678,9.260568685,9.176081837,10.48969923,12.3215428,13.30466627,13.7363795,13.02193305,12.86521202,11.97880478,10.05923034,7.778025378,6.588664469,8.498345253,9.944501737,9.787447908,9.988800216,10.10372887,9.063863362
Switzerland,CHE,"Unemployment, total (% of total labor force) (modeled ILO estimate)",SL.UEM.TOTL.ZS,1.700000048,2.799999952,3.700000048,3.799999952,3.299999952,3.700000048,4.099999905,3.599999905,3.099999905,2.700000048,2.5,2.900000095,4.099999905,4.300000191,4.400000095,4,3.599999905,3.400000095,4.099999905,4.5,4,4.199999809,4.400000095,4.5
Channel Islands,CHI,"Unemployment, total (% of total labor force) (modeled ILO estimate)",SL.UEM.TOTL.ZS,,,,,,,,,,,,,,,,,,,,,,,,
Chile,CHL,"Unemployment, total (% of total labor force) (modeled ILO estimate)",SL.UEM.TOTL.ZS,8.100000381,8.300000191,8.5,8.100000381,7.099999905,6.300000191,6.099999905,6.300000191,9.800000191,9.199999809,9.100000381,8.899999619,8.5,8.800000191,8,7.699999809,7.099999905,7.800000191,9.699999809,8.100000381,7.099999905,6.400000095,6,6.400000095
China,CHN,"Unemployment, total (% of total labor force) (modeled ILO estimate)",SL.UEM.TOTL.ZS,4.900000095,4.400000095,4.300000191,4.300000191,4.5,4.599999905,4.599999905,4.699999809,4.699999809,4.5,4.5,4.400000095,4.300000191,4.300000191,4.099999905,4,3.799999952,4.400000095,4.400000095,4.199999809,4.300000191,4.5,4.599999905,4.699999809
Cote d'Ivoire,CIV,"Unemployment, total (% of total labor force) (modeled ILO estimate)",SL.UEM.TOTL.ZS,5.800000191,6.699999809,6.099999905,5.400000095,4.099999905,4.099999905,4.099999905,4.099999905,4.099999905,4.099999905,4.099999905,4.099999905,4.099999905,4.099999905,4.099999905,4.099999905,4.099999905,4.099999905,4.099999905,4.099999905,4.099999905,4.099999905,4.099999905,4
Cameroon,CMR,"Unemployment, total (% of total labor force) (modeled ILO estimate)",SL.UEM.TOTL.ZS,6.699999809,6.400000095,6.400000095,6.199999809,4.300000191,8.100000381,7.800000191,7.5,7.199999809,6.400000095,7.5,5.900000095,6,5.099999905,4.400000095,4.099999905,4.099999905,4.199999809,4.5,4.099999905,4.099999905,4.099999905,4.099999905,4.300000191
"Congo, Rep.",COG,"Unemployment, total (% of total labor force) (modeled ILO estimate)",SL.UEM.TOTL.ZS,6.699999809,6.699999809,6.800000191,6.800000191,6.699999809,6.699999809,6.699999809,6.699999809,6.800000191,6.599999905,6.699999809,6.699999809,6.699999809,6.599999905,6.599999905,6.599999905,6.599999905,6.599999905,6.5,6.5,6.599999905,6.599999905,6.599999905,6.5
Colombia,COL,"Unemployment, total (% of total labor force) (modeled ILO estimate)",SL.UEM.TOTL.ZS,13.89999962,10,12.5,12,12.39999962,13.69999981,11.60000038,13.10000038,14.80000019,16.60000038,15.10000038,15.80000019,14.10000038,14.30000019,12,11.69999981,11.19999981,11.10000038,11.80000019,12,11.10000038,10.60000038,9.600000381,10.10000038
Comoros,COM,"Unemployment, total (% of total labor force) (modeled ILO estimate)",SL.UEM.TOTL.ZS,6.699999809,6.699999809,6.699999809,6.699999809,6.699999809,6.699999809,6.699999809,6.699999809,6.699999809,6.699999809,6.699999809,6.699999809,6.699999809,6.699999809,6.599999905,6.599999905,6.599999905,6.599999905,6.5,6.5,6.5,6.5,6.5,6.5
Cabo Verde,CPV,"Unemployment, total (% of total labor force) (modeled ILO estimate)",SL.UEM.TOTL.ZS,9.899999619,9.800000191,9.699999809,9.600000381,9.600000381,9.600000381,9.600000381,9.600000381,9.5,9.600000381,9.699999809,9.699999809,9.600000381,9.600000381,9.600000381,9.5,9.399999619,9.399999619,9.399999619,9.300000191,9.199999809,9.100000381,9,9.199999809
Costa Rica,CRI,"Unemployment, total (% of total labor force) (modeled ILO estimate)",SL.UEM.TOTL.ZS,5.599999905,4.099999905,4.099999905,4.199999809,5.199999809,6.199999809,5.699999809,5.599999905,6,5.099999905,6,6.400000095,6.599999905,6.400000095,6.599999905,5.900000095,4.599999905,4.900000095,7.800000191,7.300000191,7.699999809,7.800000191,8.5,8.300000191
Caribbean small states,CSS,"Unemployment, total (% of total labor force) (modeled ILO estimate)",SL.UEM.TOTL.ZS,15.23576483,16.20782981,16.58739328,15.65826007,15.24571343,14.88692059,14.66505508,13.81175088,13.68328339,13.28181621,12.16715304,11.99675522,11.55015537,10.43382845,9.948879687,8.855321156,8.201976658,8.658616348,9.959163051,10.46228902,10.27148416,10.89304275,11.05494695,10.40517882
Cuba,CUB,"Unemployment, total (% of total labor force) (modeled ILO estimate)",SL.UEM.TOTL.ZS,2.299999952,6,3.5,3.599999905,8.300000191,7.599999905,7.099999905,6.199999809,6.300000191,5.400000095,4.099999905,3.299999952,2.299999952,1.899999976,1.899999976,1.899999976,1.799999952,1.600000024,1.700000048,2.5,3.200000048,3.200000048,3.200000048,3.299999952
Curacao,CUW,"Unemployment, total (% of total labor force) (modeled ILO estimate)",SL.UEM.TOTL.ZS,,,,,,,,,,,,,,,,,,,,,,,,
Cayman Islands,CYM,"Unemployment, total (% of total labor force) (modeled ILO estimate)",SL.UEM.TOTL.ZS,,,,,,,,,,,,,,,,,,,,,,,,
Cyprus,CYP,"Unemployment, total (% of total labor force) (modeled ILO estimate)",SL.UEM.TOTL.ZS,8.300000191,2.099999905,8.300000191,3.5,3.900000095,4.300000191,3.299999952,4.900000095,5.699999809,5,4,3.299999952,4.099999905,4.300000191,5.300000191,4.5,3.900000095,3.599999905,5.400000095,6.300000191,7.900000095,11.80000019,15.80000019,15.60000038
Czech Republic,CZE,"Unemployment, total (% of total labor force) (modeled ILO estimate)",SL.UEM.TOTL.ZS,2.299999952,3.299999952,4.300000191,4.300000191,4,3.900000095,4.800000191,6.5,8.699999809,8.800000191,8.100000381,7.300000191,7.800000191,8.300000191,7.900000095,7.099999905,5.300000191,4.400000095,6.699999809,7.300000191,6.699999809,7,7,6.199999809
Germany,DEU,"Unemployment, total (% of total labor force) (modeled ILO estimate)",SL.UEM.TOTL.ZS,5.599999905,6.599999905,7.900000095,8.399999619,8.100000381,8.899999619,9.800000191,9.199999809,8.399999619,7.699999809,7.800000191,8.600000381,9.300000191,10.30000019,11.10000038,10.30000019,8.600000381,7.5,7.699999809,7.099999905,5.900000095,5.400000095,5.300000191,5
Djibouti,DJI,"Unemployment, total (% of total labor force) (modeled ILO estimate)",SL.UEM.TOTL.ZS,,,,,,,,,,,,,,,,,,,,,,,,
Dominica,DMA,"Unemployment, total (% of total labor force) (modeled ILO estimate)",SL.UEM.TOTL.ZS,,,,,,,,,,,,,,,,,,,,,,,,
Denmark,DNK,"Unemployment, total (% of total labor force) (modeled ILO estimate)",SL.UEM.TOTL.ZS,9.100000381,9,10.69999981,8,7,6.800000191,5.400000095,5,5.099999905,4.5,4.199999809,4.599999905,5.400000095,5.5,4.800000191,3.900000095,3.799999952,3.400000095,6,7.5,7.599999905,7.5,7,6.599999905
Dominican Republic,DOM,"Unemployment, total (% of total labor force) (modeled ILO estimate)",SL.UEM.TOTL.ZS,19.89999962,20.70000076,19.89999962,16.20000076,15.80000019,16.70000076,15.60000038,14.39999962,13.80000019,14.19999981,15.69999981,16.10000038,16.70000076,18.39999962,18,16.39999962,15.69999981,14.19999981,14.89999962,12.39999962,14.69999981,14.69999981,15,15
Algeria,DZA,"Unemployment, total (% of total labor force) (modeled ILO estimate)",SL.UEM.TOTL.ZS,20.60000038,23,23.20000076,24.39999962,27.89999962,28.70000076,25.39999962,25.39999962,25.39999962,29.79999924,27.29999924,25.89999962,23.70000076,20.10000038,15.30000019,12.30000019,13.80000019,11.30000019,10.19999981,10,10,11,9.800000191,9.5
East Asia & Pacific (excluding high income),EAP,"Unemployment, total (% of total labor force) (modeled ILO estimate)",SL.UEM.TOTL.ZS,4.866958913,4.138270065,4.228487422,4.254846397,4.277477735,4.375574747,4.449769836,4.726790016,4.783419215,4.642686305,4.87489381,4.858199888,4.822140262,4.873516763,4.707424902,4.559197626,4.268597641,4.635707091,4.620959263,4.365480023,4.330221796,4.407660581,4.524287519,4.58378611
Early-demographic dividend,EAR,"Unemployment, total (% of total labor force) (modeled ILO estimate)",SL.UEM.TOTL.ZS,5.891246916,5.452286377,5.767664939,5.544093763,5.797209461,5.793251862,5.850355269,5.907632266,6.202662442,6.368424617,6.525045128,6.906675195,6.736190986,6.576218731,6.624556279,6.301490574,5.75152494,5.871156066,5.992677968,5.723661213,5.681987033,5.666202396,5.623549825,5.664037809
East Asia & Pacific,EAS,"Unemployment, total (% of total labor force) (modeled ILO estimate)",SL.UEM.TOTL.ZS,4.668692523,4.034041733,4.143391812,4.173114212,4.195960982,4.293752367,4.371271609,4.76196071,4.834188854,4.663840528,4.880880199,4.879995444,4.838912697,4.84671157,4.671182799,4.508543592,4.221889295,4.558680811,4.633815167,4.39523548,4.324924924,4.381289652,4.472938316,4.522146493
Europe & Central Asia (excluding high income),ECA,"Unemployment, total (% of total labor force) (modeled ILO estimate)",SL.UEM.TOTL.ZS,10.56985214,7.841192707,8.586993591,9.156710094,9.260923813,9.375262866,10.35731476,11.32770115,11.48689936,10.45530318,10.10562569,9.66364309,9.566548929,9.44844968,8.832722709,8.740835603,8.045015512,7.92863742,9.675103776,9.040442145,8.447494925,7.88744329,7.758629475,7.61617233
Europe & Central Asia,ECS,"Unemployment, total (% of total labor force) (modeled ILO estimate)",SL.UEM.TOTL.ZS,9.462459373,8.628256144,9.733323048,10.24219667,10.01398984,10.09041411,10.3900369,10.49020974,10.38425672,9.669810857,9.166864901,9.169511617,9.196247874,9.22802651,8.848717108,8.392794892,7.51180766,7.365459672,9.250267252,9.329338247,9.032372465,9.295200017,9.441505606,9.0076516
Ecuador,ECU,"Unemployment, total (% of total labor force) (modeled ILO estimate)",SL.UEM.TOTL.ZS,4,4.699999809,4.699999809,7.699999809,4.699999809,4.699999809,7.5,5.5,6.300000191,7.199999809,8.399999619,9.100000381,9.300000191,6.699999809,6.599999905,6.300000191,5,6,6.5,5,4.199999809,4.099999905,4.199999809,4.599999905
"Egypt, Arab Rep.",EGY,"Unemployment, total (% of total labor force) (modeled ILO estimate)",SL.UEM.TOTL.ZS,9.600000381,9,10.89999962,11,11.30000019,9,8.399999619,8.199999809,8.100000381,9,9.399999619,10.19999981,10.39999962,10.69999981,11.19999981,10.60000038,8.899999619,8.699999809,9.399999619,9,12,12.69999981,13.19999981,13.19999981
Euro area,EMU,"Unemployment, total (% of total labor force) (modeled ILO estimate)",SL.UEM.TOTL.ZS,8.687566675,9.182005132,10.79025549,11.65950222,11.35798233,11.59411641,11.61085665,11.01734952,10.31011096,9.34031459,8.353948458,8.696047206,8.905135883,9.188182269,8.997914971,8.324179525,7.43056566,7.498369236,9.55113339,10.1840342,10.17494671,11.39979907,12.00993222,11.52574587
Eritrea,ERI,"Unemployment, total (% of total labor force) (modeled ILO estimate)",SL.UEM.TOTL.ZS,7.300000191,7.300000191,7.199999809,7.099999905,7.400000095,7.300000191,7.400000095,7.5,7.5,7.699999809,7.400000095,7.5,7.599999905,7.5,7.5,7.5,7.400000095,7.5,7.300000191,7.300000191,7.099999905,7.099999905,7.199999809,7.199999809
Spain,ESP,"Unemployment, total (% of total labor force) (modeled ILO estimate)",SL.UEM.TOTL.ZS,16.39999962,18.39999962,22.79999924,24.29999924,23.10000038,22.5,21.10000038,19,15.89999962,14.19999981,10.69999981,11.60000038,11.5,11.19999981,9.300000191,8.600000381,8.399999619,11.5,18.10000038,20.20000076,21.70000076,25.20000076,26.29999924,24.70000076
Estonia,EST,"Unemployment, total (% of total labor force) (modeled ILO estimate)",SL.UEM.TOTL.ZS,1.5,3.700000048,6.599999905,7.599999905,9.699999809,9.899999619,10.39999962,9.5,11.60000038,13.10000038,12.39999962,9.399999619,10.69999981,10,7.900000095,5.900000095,4.699999809,5.5,13.80000019,16.89999962,12.5,10.10000038,8.600000381,7.699999809
Ethiopia,ETH,"Unemployment, total (% of total labor force) (modeled ILO estimate)",SL.UEM.TOTL.ZS,6.199999809,6.199999809,5.5,6.699999809,8.100000381,5.5,6.300000191,7.199999809,8.199999809,7.5,6.800000191,6.300000191,5.800000191,5.400000095,5.400000095,5.300000191,5.300000191,5.199999809,5.099999905,5.199999809,5.199999809,5.599999905,5,5.199999809
European Union,EUU,"Unemployment, total (% of total labor force) (modeled ILO estimate)",SL.UEM.TOTL.ZS,8.837119043,9.479229831,10.92000654,11.3217277,10.76808497,10.6938814,10.38615855,9.821989747,9.569237439,9.212063502,8.663834506,9.044863875,9.024120592,9.173847133,8.935514314,8.221694398,7.175435049,6.972085958,8.955942541,9.635087014,9.611185016,10.5091318,10.88201392,10.20739971
Fragile and conflict affected situations,FCS,"Unemployment, total (% of total labor force) (modeled ILO estimate)",SL.UEM.TOTL.ZS,7.763670034,7.865100537,7.682560561,7.792779792,7.655133975,7.779523248,7.773638507,7.804456266,7.514641937,7.711017384,7.797429966,7.866567996,8.37073222,8.222001689,7.718972337,7.760999204,7.718760036,7.858590492,7.71844246,7.760939706,7.820213124,7.82290338,7.859495687,7.89429467
Finland,FIN,"Unemployment, total (% of total labor force) (modeled ILO estimate)",SL.UEM.TOTL.ZS,6.5,11.60000038,16.20000076,16.39999962,15.30000019,14.39999962,12.60000038,11.39999962,10.10000038,9.699999809,9.100000381,9,9,8.800000191,8.399999619,7.599999905,6.800000191,6.300000191,8.199999809,8.399999619,7.699999809,7.599999905,8.199999809,8.600000381
Fiji,FJI,"Unemployment, total (% of total labor force) (modeled ILO estimate)",SL.UEM.TOTL.ZS,5.900000095,5.400000095,5.900000095,5.699999809,5.400000095,5.800000191,6.699999809,8.399999619,8.100000381,7.699999809,6.099999905,5.800000191,8.5,4.699999809,4.599999905,6.5,8.600000381,9,8.699999809,8.5,8.5,8.5,8.300000191,7.900000095
France,FRA,"Unemployment, total (% of total labor force) (modeled ILO estimate)",SL.UEM.TOTL.ZS,9.100000381,10.19999981,11.30000019,12.60000038,11.80000019,12.39999962,12.60000038,12.10000038,12,10.19999981,8.600000381,8.699999809,8.600000381,9.199999809,8.899999619,8.800000191,8,7.400000095,9.100000381,9.300000191,9.199999809,9.899999619,10.39999962,9.899999619
Faroe Islands,FRO,"Unemployment, total (% of total labor force) (modeled ILO estimate)",SL.UEM.TOTL.ZS,,,,,,,,,,,,,,,,,,,,,,,,
"Micronesia, Fed. Sts.",FSM,"Unemployment, total (% of total labor force) (modeled ILO estimate)",SL.UEM.TOTL.ZS,,,,,,,,,,,,,,,,,,,,,,,,
Gabon,GAB,"Unemployment, total (% of total labor force) (modeled ILO estimate)",SL.UEM.TOTL.ZS,21.60000038,19.20000076,17.79999924,18.29999924,19,19.70000076,20.5,20.5,20.60000038,20.60000038,20.70000076,20.70000076,20.79999924,20.89999962,20.89999962,21,21.10000038,21.20000076,21.29999924,20.39999962,20.39999962,20.29999924,20.29999924,19.70000076
United Kingdom,GBR,"Unemployment, total (% of total labor force) (modeled ILO estimate)",SL.UEM.TOTL.ZS,8.5,9.899999619,10.5,9.800000191,8.699999809,8.300000191,7.199999809,6.199999809,6,5.599999905,4.800000191,5.199999809,4.900000095,4.699999809,4.800000191,5.5,5.400000095,5.400000095,7.800000191,7.900000095,7.800000191,8,7.5,6.300000191
Georgia,GEO,"Unemployment, total (% of total labor force) (modeled ILO estimate)",SL.UEM.TOTL.ZS,13.30000019,13.30000019,13.30000019,13.19999981,14.39999962,12.30000019,12.19999981,12.39999962,13.80000019,10.80000019,11.19999981,12.60000038,11.5,12.60000038,13.80000019,13.60000038,13.30000019,16.5,16.89999962,16.29999924,15.10000038,15,14.60000038,13.39999962
Ghana,GHA,"Unemployment, total (% of total labor force) (modeled ILO estimate)",SL.UEM.TOTL.ZS,8.199999809,4.699999809,9.5,5.599999905,3.200000048,9.600000381,7.199999809,8.199999809,10.10000038,10.39999962,10,9.800000191,8.100000381,6.900000095,3.799999952,3.599999905,2.799999952,4.300000191,2.200000048,5.300000191,4.599999905,3.599999905,1.799999952,2.400000095
Gibraltar,GIB,"Unemployment, total (% of total labor force) (modeled ILO estimate)",SL.UEM.TOTL.ZS,,,,,,,,,,,,,,,,,,,,,,,,
Guinea,GIN,"Unemployment, total (% of total labor force) (modeled ILO estimate)",SL.UEM.TOTL.ZS,2,2,2.400000095,3.099999905,2.900000095,2.599999905,2.400000095,2.299999952,2.099999905,2,1.899999976,2,2,2,2,2,2,2,1.600000024,1.600000024,1.700000048,1.700000048,1.700000048,1.799999952
"Gambia, The",GMB,"Unemployment, total (% of total labor force) (modeled ILO estimate)",SL.UEM.TOTL.ZS,7.199999809,7.099999905,7.099999905,7.099999905,7.199999809,7.099999905,7.099999905,7.099999905,7.099999905,7.199999809,7.199999809,7.300000191,7.099999905,7.099999905,7.199999809,7.099999905,7.099999905,7.099999905,7,7,7.199999809,7,7,7
Guinea-Bissau,GNB,"Unemployment, total (% of total labor force) (modeled ILO estimate)",SL.UEM.TOTL.ZS,6.699999809,6.800000191,6.900000095,6.900000095,7,6.900000095,6.900000095,7.199999809,6.800000191,6.800000191,6.800000191,6.900000095,6.900000095,6.900000095,6.800000191,6.900000095,6.800000191,6.800000191,6.800000191,6.800000191,6.800000191,6.900000095,6.800000191,6.900000095
Equatorial Guinea,GNQ,"Unemployment, total (% of total labor force) (modeled ILO estimate)",SL.UEM.TOTL.ZS,6.900000095,6.5,6.599999905,6.5,6.5,6.199999809,6,6.400000095,6.400000095,6.5,6.300000191,6.599999905,6.699999809,6.5,6.800000191,6.900000095,6.800000191,6.800000191,7,7,6.900000095,6.900000095,7,7.900000095
Greece,GRC,"Unemployment, total (% of total labor force) (modeled ILO estimate)",SL.UEM.TOTL.ZS,7.699999809,7.800000191,9,8.899999619,9.100000381,9.699999809,9.600000381,10.80000019,11.69999981,11.10000038,10.19999981,10.30000019,9.699999809,10.5,9.800000191,8.899999619,8.300000191,7.699999809,9.5,12.5,17.70000076,24.20000076,27.20000076,26.29999924
Grenada,GRD,"Unemployment, total (% of total labor force) (modeled ILO estimate)",SL.UEM.TOTL.ZS,,,,,,,,,,,,,,,,,,,,,,,,
Greenland,GRL,"Unemployment, total (% of total labor force) (modeled ILO estimate)",SL.UEM.TOTL.ZS,,,,,,,,,,,,,,,,,,,,,,,,
Guatemala,GTM,"Unemployment, total (% of total labor force) (modeled ILO estimate)",SL.UEM.TOTL.ZS,3.200000048,3.299999952,2.700000048,2.599999905,3.5,3.5,3.900000095,3.200000048,1.899999976,1.399999976,1.299999952,3.099999905,2.799999952,3.099999905,2.400000095,1.799999952,2.5,2.799999952,3.200000048,3.700000048,4.099999905,2.900000095,3,2.900000095
Guam,GUM,"Unemployment, total (% of total labor force) (modeled ILO estimate)",SL.UEM.TOTL.ZS,,,,,,,,,,,,,,,,,,,,,,,,
Guyana,GUY,"Unemployment, total (% of total labor force) (modeled ILO estimate)",SL.UEM.TOTL.ZS,12,11.89999962,12,11.89999962,11.80000019,11.69999981,11.60000038,11.5,11.5,11.5,11.69999981,11.89999962,12.30000019,11.89999962,12.60000038,11.19999981,10.80000019,11.80000019,11.5,11.30000019,11.10000038,11.19999981,11.10000038,11.10000038
High income,HIC,"Unemployment, total (% of total labor force) (modeled ILO estimate)",SL.UEM.TOTL.ZS,6.958664764,7.542526437,8.048160988,7.951635628,7.538706577,7.509121113,7.251618154,7.161999077,6.968484809,6.585794662,6.549688904,7.076143461,7.172914365,6.998432354,6.716492641,6.180468648,5.651285549,5.920638416,8.062505602,8.354811268,8.016235102,8.127371897,8.004738166,7.369141628
"Hong Kong SAR, China",HKG,"Unemployment, total (% of total labor force) (modeled ILO estimate)",SL.UEM.TOTL.ZS,1.799999952,2,2,1.899999976,3.200000048,2.799999952,2.200000048,4.599999905,6.199999809,4.900000095,5.099999905,7.300000191,7.900000095,6.699999809,5.599999905,4.800000191,4,3.599999905,5.199999809,4.300000191,3.400000095,3.299999952,3.299999952,3.200000048
Honduras,HND,"Unemployment, total (% of total labor force) (modeled ILO estimate)",SL.UEM.TOTL.ZS,4.699999809,3.200000048,3.200000048,3.200000048,3.200000048,4.400000095,3.299999952,4,3.900000095,3.900000095,4.099999905,3.900000095,5.199999809,6,4.199999809,3.099999905,2.900000095,3.099999905,3.299999952,4.800000191,4.400000095,4,3.900000095,3.900000095
Heavily indebted poor countries (HIPC),HPC,"Unemployment, total (% of total labor force) (modeled ILO estimate)",SL.UEM.TOTL.ZS,7.344516227,7.256970453,7.365350054,7.433968411,7.448759676,7.376256625,7.323486699,7.406004418,7.558597014,7.580873573,7.510230754,7.24858459,7.208851173,6.946991166,6.67704849,6.904619257,6.615418755,6.753212284,6.671792644,6.774378446,6.788831429,6.75806981,6.561658247,6.596414013
Croatia,HRV,"Unemployment, total (% of total labor force) (modeled ILO estimate)",SL.UEM.TOTL.ZS,11.10000038,10.19999981,9.800000191,10,10.10000038,10,9.899999619,11,13.5,16.10000038,20.5,15.10000038,13.89999962,13.69999981,12.60000038,11.10000038,9.600000381,8.399999619,9.100000381,11.80000019,13.39999962,15.80000019,17.29999924,16.70000076
Haiti,HTI,"Unemployment, total (% of total labor force) (modeled ILO estimate)",SL.UEM.TOTL.ZS,11.39999962,11.60000038,11.80000019,12.39999962,10.30000019,10.80000019,10.89999962,10.89999962,7.199999809,7.400000095,7.599999905,7.599999905,7.5,8,7.400000095,7.300000191,7.199999809,7.400000095,7.099999905,8.100000381,6.800000191,7,6.800000191,6.800000191
Hungary,HUN,"Unemployment, total (% of total labor force) (modeled ILO estimate)",SL.UEM.TOTL.ZS,11.60000038,9.899999619,12.10000038,10.80000019,10.19999981,9.899999619,8.699999809,7.800000191,7,6.400000095,5.699999809,5.800000191,5.900000095,6.099999905,7.199999809,7.5,7.400000095,7.800000191,10,11.19999981,10.89999962,10.89999962,10.19999981,7.800000191
IBRD only,IBD,"Unemployment, total (% of total labor force) (modeled ILO estimate)",SL.UEM.TOTL.ZS,6.213661605,5.450552925,5.678831795,5.629452911,5.827355913,5.919406426,6.017424012,6.313099222,6.519741625,6.427979082,6.445310934,6.535056701,6.424975202,6.29388302,6.170067245,5.884838678,5.406042524,5.602224011,5.882081254,5.593406302,5.507768098,5.496302639,5.546473796,5.611517658
IDA & IBRD total,IBT,"Unemployment, total (% of total labor force) (modeled ILO estimate)",SL.UEM.TOTL.ZS,6.222543598,5.578422012,5.754694673,5.704399616,5.87140167,5.940590793,6.052164047,6.263671652,6.449386038,6.410841051,6.438913055,6.485671976,6.411205832,6.27945133,6.145588014,5.917938391,5.495469041,5.67154453,5.906379489,5.683693225,5.612780126,5.593571717,5.621822081,5.674471428
IDA total,IDA,"Unemployment, total (% of total labor force) (modeled ILO estimate)",SL.UEM.TOTL.ZS,6.259981142,6.112492174,6.068411488,6.010702017,6.049883254,6.025593647,6.189905333,6.070254522,6.175912787,6.345091225,6.414613074,6.30008917,6.359969486,6.226257025,6.056413522,6.036102571,5.809720827,5.910920574,5.988739026,5.983563401,5.95684311,5.907401615,5.861783644,5.872121214
IDA blend,IDB,"Unemployment, total (% of total labor force) (modeled ILO estimate)",SL.UEM.TOTL.ZS,6.073540954,5.948938213,5.773257139,5.573139651,5.581610067,5.702071549,6.023028564,5.754783422,5.889160981,6.100823689,6.291816639,6.200629322,6.186499826,6.02920952,5.902792599,5.642790838,5.334197363,5.258877092,5.460746143,5.354318227,5.159017592,5.072644812,5.188341032,5.24927739
Indonesia,IDN,"Unemployment, total (% of total labor force) (modeled ILO estimate)",SL.UEM.TOTL.ZS,6.199999809,2.799999952,4.300000191,5,3.900000095,4.400000095,4.699999809,5.5,6.300000191,6.099999905,8.100000381,9.100000381,9.5,9.899999619,11.19999981,10.30000019,9.100000381,8.399999619,7.900000095,7.099999905,6.599999905,6.099999905,6.300000191,6.199999809
IDA only,IDX,"Unemployment, total (% of total labor force) (modeled ILO estimate)",SL.UEM.TOTL.ZS,6.359150358,6.199070379,6.223603241,6.240013885,6.292583389,6.193439315,6.276743781,6.234474165,6.325027763,6.47207896,6.478253927,6.351462261,6.449346857,6.327690404,6.135699901,6.240000404,6.054537474,6.245289013,6.259304021,6.305323646,6.363727473,6.331387724,6.202905225,6.186070568
Isle of Man,IMN,"Unemployment, total (% of total labor force) (modeled ILO estimate)",SL.UEM.TOTL.ZS,,,,,,,,,,,,,,,,,,,,,,,,
India,IND,"Unemployment, total (% of total labor force) (modeled ILO estimate)",SL.UEM.TOTL.ZS,4.300000191,4.199999809,4.300000191,3.700000048,4,4,4.199999809,4.099999905,4.400000095,4.300000191,4,4.300000191,3.900000095,3.900000095,4.400000095,4.300000191,3.700000048,4.099999905,3.900000095,3.5,3.5,3.599999905,3.599999905,3.599999905
Not classified,INX,"Unemployment, total (% of total labor force) (modeled ILO estimate)",SL.UEM.TOTL.ZS,,,,,,,,,,,,,,,,,,,,,,,,
Ireland,IRL,"Unemployment, total (% of total labor force) (modeled ILO estimate)",SL.UEM.TOTL.ZS,15.80000019,15,15.60000038,14.60000038,12,11.69999981,10.19999981,7.699999809,5.800000191,4.300000191,3.700000048,4.199999809,4.5,4.5,4.300000191,4.400000095,4.599999905,6,12,13.89999962,14.60000038,14.69999981,13.10000038,11.60000038
"Iran, Islamic Rep.",IRN,"Unemployment, total (% of total labor force) (modeled ILO estimate)",SL.UEM.TOTL.ZS,11.10000038,12.39999962,12.19999981,12,11.89999962,13.10000038,11.5,12.10000038,11.30000019,12,12.80000019,12.80000019,12.19999981,10.30000019,12.10000038,11.60000038,10.60000038,10.5,12,13.5,13.30000019,13.10000038,12.89999962,12.80000019
Iraq,IRQ,"Unemployment, total (% of total labor force) (modeled ILO estimate)",SL.UEM.TOTL.ZS,19.79999924,19.79999924,19.70000076,19.5,19.39999962,19.29999924,17.60000038,19.20000076,18.10000038,18.20000076,18.20000076,18.39999962,29.89999962,28.70000076,18,17.5,16.89999962,15.30000019,15.19999981,15.19999981,15.19999981,15.19999981,15.10000038,16.39999962
Iceland,ISL,"Unemployment, total (% of total labor force) (modeled ILO estimate)",SL.UEM.TOTL.ZS,2.5,4.300000191,5.300000191,5.300000191,4.900000095,3.700000048,3.900000095,2.700000048,2,2.299999952,2.299999952,3.299999952,3.400000095,3.099999905,2.599999905,3,2.299999952,3,7.199999809,7.599999905,7.099999905,6,5.599999905,5
Israel,ISR,"Unemployment, total (% of total labor force) (modeled ILO estimate)",SL.UEM.TOTL.ZS,10.60000038,11.19999981,10,7.800000191,6.900000095,6.699999809,7.699999809,8.5,8.899999619,8.800000191,9.300000191,10.30000019,10.69999981,10.39999962,9,8.399999619,7.300000191,6.099999905,7.5,6.599999905,5.599999905,6.900000095,6.300000191,6.099999905
Italy,ITA,"Unemployment, total (% of total labor force) (modeled ILO estimate)",SL.UEM.TOTL.ZS,10.10000038,9.300000191,10.19999981,11.10000038,11.69999981,11.89999962,12,12.10000038,11.69999981,10.80000019,9.600000381,9.199999809,8.899999619,7.900000095,7.699999809,6.800000191,6.099999905,6.699999809,7.800000191,8.399999619,8.399999619,10.69999981,12.19999981,12.5
Jamaica,JAM,"Unemployment, total (% of total labor force) (modeled ILO estimate)",SL.UEM.TOTL.ZS,15.69999981,15.39999962,16.29999924,15.39999962,16.20000076,16,16.5,15.5,15.69999981,15.5,15,14.30000019,11.69999981,11.39999962,10.89999962,9.600000381,9.399999619,10.60000038,11.39999962,12.39999962,12.69999981,13.69999981,15,13.19999981
Jordan,JOR,"Unemployment, total (% of total labor force) (modeled ILO estimate)",SL.UEM.TOTL.ZS,15.39999962,17.5,19.70000076,18.29999924,14.60000038,13.69999981,11.80000019,12.5,11.5,13.69999981,15.80000019,16.20000076,15.39999962,12.39999962,14.89999962,14,13.10000038,12.69999981,12.89999962,12.5,12.89999962,12.19999981,12.60000038,11.10000038
Japan,JPN,"Unemployment, total (% of total labor force) (modeled ILO estimate)",SL.UEM.TOTL.ZS,2.099999905,2.200000048,2.5,2.900000095,3.200000048,3.400000095,3.400000095,4.099999905,4.699999809,4.800000191,5,5.400000095,5.199999809,4.699999809,4.400000095,4.099999905,3.900000095,4,5,5,4.5,4.300000191,4,3.700000048
Kazakhstan,KAZ,"Unemployment, total (% of total labor force) (modeled ILO estimate)",SL.UEM.TOTL.ZS,9.5,11.39999962,10.10000038,7.5,11,13,13,13.10000038,13.5,12.80000019,10.39999962,9.300000191,8.800000191,8.399999619,8.100000381,7.800000191,7.300000191,6.599999905,6.599999905,5.800000191,5.400000095,5.300000191,5.199999809,4.099999905
Kenya,KEN,"Unemployment, total (% of total labor force) (modeled ILO estimate)",SL.UEM.TOTL.ZS,10.10000038,10.19999981,10.10000038,10,9.899999619,9.899999619,9.899999619,9.800000191,9.800000191,9.800000191,9.699999809,9.699999809,9.600000381,9.600000381,9.5,9.5,9.399999619,9.399999619,9.399999619,9.300000191,9.199999809,9.199999809,9.100000381,9.199999809
Kyrgyz Republic,KGZ,"Unemployment, total (% of total labor force) (modeled ILO estimate)",SL.UEM.TOTL.ZS,8.600000381,8.600000381,8.699999809,8.399999619,8.699999809,8.699999809,8.300000191,9.699999809,8.199999809,7.5,7.800000191,12.5,9.899999619,8.5,8.100000381,8.300000191,8.199999809,8.199999809,8.399999619,8.600000381,8.5,8.399999619,8.300000191,8.100000381
Cambodia,KHM,"Unemployment, total (% of total labor force) (modeled ILO estimate)",SL.UEM.TOTL.ZS,0.5,0.400000006,0.800000012,1.5,1.600000024,1.799999952,1.899999976,2.099999905,2.299999952,2.5,1.700000048,2,2.400000095,1.799999952,1.299999952,0.899999976,0.600000024,0.300000012,0.100000001,0.400000006,0.300000012,0.200000003,0.300000012,0.400000006
Kiribati,KIR,"Unemployment, total (% of total labor force) (modeled ILO estimate)",SL.UEM.TOTL.ZS,,,,,,,,,,,,,,,,,,,,,,,,
St. Kitts and Nevis,KNA,"Unemployment, total (% of total labor force) (modeled ILO estimate)",SL.UEM.TOTL.ZS,,,,,,,,,,,,,,,,,,,,,,,,
"Korea, Rep.",KOR,"Unemployment, total (% of total labor force) (modeled ILO estimate)",SL.UEM.TOTL.ZS,2.400000095,2.5,2.900000095,2.5,2.099999905,2,2.599999905,7,6.300000191,4.400000095,4,3.299999952,3.599999905,3.700000048,3.700000048,3.400000095,3.200000048,3.200000048,3.599999905,3.700000048,3.400000095,3.200000048,3.099999905,3.5
Kosovo,KSV,"Unemployment, total (% of total labor force) (modeled ILO estimate)",SL.UEM.TOTL.ZS,,,,,,,,,,,,,,,,,,,,,,,,
Kuwait,KWT,"Unemployment, total (% of total labor force) (modeled ILO estimate)",SL.UEM.TOTL.ZS,1.200000048,1,0.800000012,0.699999988,0.699999988,0.699999988,0.699999988,0.699999988,0.699999988,0.800000012,0.800000012,1.100000024,1.299999952,1.700000048,2,1.299999952,1.5,1.799999952,1.600000024,1.799999952,3.599999905,3.400000095,3.200000048,3
Latin America & Caribbean (excluding high income),LAC,"Unemployment, total (% of total labor force) (modeled ILO estimate)",SL.UEM.TOTL.ZS,6.698306093,6.307542861,6.603463133,6.889216284,8.006875821,8.190527612,7.857605915,8.077037099,8.590323014,8.771156342,8.752576726,9.073904087,9.119026966,8.475636387,8.005907018,7.291873055,6.85624285,6.380333182,7.422705285,7.205331222,6.615623316,6.205162037,6.253421189,6.543979026
Lao PDR,LAO,"Unemployment, total (% of total labor force) (modeled ILO estimate)",SL.UEM.TOTL.ZS,2.200000048,2.400000095,2.5,2.5,2.599999905,1.899999976,2,2,1.899999976,1.899999976,1.899999976,1.799999952,2.099999905,2.400000095,1.399999976,1.399999976,1.399999976,1.399999976,1.399999976,1.399999976,1.399999976,1.399999976,1.299999952,1.399999976
Lebanon,LBN,"Unemployment, total (% of total labor force) (modeled ILO estimate)",SL.UEM.TOTL.ZS,8.399999619,8.399999619,8,7.900000095,8.100000381,8.399999619,6.199999809,8.300000191,8.600000381,8.899999619,8.199999809,8.199999809,8.5,7.900000095,8.199999809,8.399999619,9,7.199999809,6.199999809,6.199999809,6.199999809,6.199999809,6.199999809,6.400000095
Liberia,LBR,"Unemployment, total (% of total labor force) (modeled ILO estimate)",SL.UEM.TOTL.ZS,3.799999952,3.799999952,3.700000048,3.799999952,3.900000095,4.099999905,4.099999905,4.199999809,4.199999809,4.199999809,4.199999809,4.199999809,4.099999905,4,4.900000095,4.099999905,5.599999905,5.099999905,4.599999905,3.700000048,3.700000048,3.700000048,3.700000048,3.799999952
Libya,LBY,"Unemployment, total (% of total labor force) (modeled ILO estimate)",SL.UEM.TOTL.ZS,18.79999924,18.79999924,18.89999962,19,19,19.29999924,19.39999962,19.60000038,19.70000076,19.70000076,19.70000076,19.70000076,19.70000076,19.60000038,19.5,19.29999924,19.10000038,18.79999924,18.60000038,18.5,17.70000076,19.20000076,19.20000076,19.20000076
St. Lucia,LCA,"Unemployment, total (% of total labor force) (modeled ILO estimate)",SL.UEM.TOTL.ZS,,,,,,,,,,,,,,,,,,,,,,,,
Latin America & Caribbean,LCN,"Unemployment, total (% of total labor force) (modeled ILO estimate)",SL.UEM.TOTL.ZS,6.851577355,6.494496626,6.787996619,7.025317534,8.073909377,8.222704007,7.884514632,8.087775602,8.66483201,8.812792094,8.789610019,9.087896654,9.115561394,8.491625167,8.030713732,7.343340023,6.897323953,6.451974521,7.522937498,7.27585528,6.670682104,6.253372163,6.286898528,6.577241937
Least developed countries: UN classification,LDC,"Unemployment, total (% of total labor force) (modeled ILO estimate)",SL.UEM.TOTL.ZS,6.065150211,5.971103238,5.920290082,6.073273302,6.227252922,5.885115135,6.068067581,6.017412162,6.061993616,6.182338118,6.170407959,5.99776691,6.182597303,6.104598006,6.016598546,6.162888942,5.981986203,6.105584355,6.219506764,6.161549688,6.211388175,6.220463825,6.150745602,6.1263179
Low income,LIC,"Unemployment, total (% of total labor force) (modeled ILO estimate)",SL.UEM.TOTL.ZS,6.02040168,6.026080146,5.936436294,6.196541694,6.455761511,6.345126206,6.418991764,6.508232891,6.443265545,6.489674081,6.409012279,6.128594102,6.056100713,5.875139208,5.786429735,6.096414158,5.843435433,5.996332517,6.037171303,6.00321567,6.06919296,6.10046203,5.98345753,5.983757189
Liechtenstein,LIE,"Unemployment, total (% of total labor force) (modeled ILO estimate)",SL.UEM.TOTL.ZS,,,,,,,,,,,,,,,,,,,,,,,,
Sri Lanka,LKA,"Unemployment, total (% of total labor force) (modeled ILO estimate)",SL.UEM.TOTL.ZS,14.69999981,14.19999981,13.69999981,13,12.19999981,11.30000019,10.60000038,9.100000381,8.899999619,7.699999809,7.900000095,8.800000191,8.199999809,8.399999619,7.699999809,6.5,6,5.199999809,5.900000095,4.900000095,4.199999809,4,4.400000095,4.599999905
Lower middle income,LMC,"Unemployment, total (% of total labor force) (modeled ILO estimate)",SL.UEM.TOTL.ZS,5.669275632,5.201218617,5.481683108,5.139720196,5.104640222,5.175624385,5.417979396,5.504261874,5.749031343,5.82859519,5.96088182,6.174163831,6.061118086,6.074803275,6.183063813,5.941251583,5.421986477,5.540242251,5.528140455,5.253007344,5.254269105,5.20650173,5.23415565,5.2542687
Low & middle income,LMY,"Unemployment, total (% of total labor force) (modeled ILO estimate)",SL.UEM.TOTL.ZS,6.134114035,5.4807624,5.64287846,5.593955935,5.783060401,5.875147628,5.997529813,6.211509628,6.370765209,6.302884354,6.315482662,6.358190344,6.28834709,6.160092741,6.038528905,5.839190262,5.447348677,5.643066435,5.865768786,5.634780459,5.567614517,5.547110943,5.574486719,5.636121392
Lesotho,LSO,"Unemployment, total (% of total labor force) (modeled ILO estimate)",SL.UEM.TOTL.ZS,34.90000153,36.70000076,38.59999847,26.70000076,32.59999847,28.60000038,39.29999924,33.40000153,27.29999924,26.60000038,36.90000153,33,38.59999847,36,36.40000153,32.5,26.39999962,25.29999924,28.5,28.29999924,30.20000076,27.20000076,24.60000038,26.20000076
Late-demographic dividend,LTE,"Unemployment, total (% of total labor force) (modeled ILO estimate)",SL.UEM.TOTL.ZS,6.092138794,5.178881428,5.202554698,5.309950937,5.482428806,5.60313564,5.758606188,6.096048192,6.206735454,5.956420474,5.868370352,5.695386262,5.641950082,5.536676281,5.311625749,5.064816634,4.725156008,4.976749982,5.348810521,5.129896097,4.984627296,4.965137433,5.057377123,5.104457274
Lithuania,LTU,"Unemployment, total (% of total labor force) (modeled ILO estimate)",SL.UEM.TOTL.ZS,15.69999981,9.800000191,12.80000019,17.39999962,17.10000038,15.60000038,14.10000038,13.69999981,13.39999962,15.89999962,16.79999924,13,12.89999962,11.30000019,8.300000191,5.599999905,4.300000191,5.800000191,13.69999981,17.79999924,15.30000019,13.19999981,11.80000019,11.30000019
Luxembourg,LUX,"Unemployment, total (% of total labor force) (modeled ILO estimate)",SL.UEM.TOTL.ZS,1.5,2,2.299999952,3.5,2.900000095,3.299999952,2.5,2.799999952,2.400000095,2.299999952,1.799999952,2.599999905,3.700000048,5.099999905,4.5,4.699999809,4.099999905,5.099999905,5.099999905,4.400000095,4.900000095,5.099999905,5.900000095,6.099999905
Latvia,LVA,"Unemployment, total (% of total labor force) (modeled ILO estimate)",SL.UEM.TOTL.ZS,13.30000019,12.89999962,12.60000038,10.89999962,12,12.60000038,14.69999981,14.5,13.80000019,14.19999981,13.10000038,13.19999981,10.60000038,9.899999619,8.899999619,6.800000191,6,7.400000095,17.10000038,18.70000076,16.20000076,14.89999962,11.89999962,10
"Macao SAR, China",MAC,"Unemployment, total (% of total labor force) (modeled ILO estimate)",SL.UEM.TOTL.ZS,3,2.299999952,2,2.400000095,3.599999905,4.199999809,3.099999905,4.5,6.300000191,6.699999809,6.5,6.400000095,6.099999905,4.900000095,4.199999809,3.700000048,3,3,3.5,2.799999952,2.599999905,2,1.799999952,1.5
St. Martin (French part),MAF,"Unemployment, total (% of total labor force) (modeled ILO estimate)",SL.UEM.TOTL.ZS,,,,,,,,,,,,,,,,,,,,,,,,
Morocco,MAR,"Unemployment, total (% of total labor force) (modeled ILO estimate)",SL.UEM.TOTL.ZS,12.5,13,13.5,14,14.69999981,15.30000019,15.89999962,16.60000038,13.89999962,13.60000038,12.5,11.60000038,11.89999962,10.80000019,11,9.699999809,9.800000191,9.600000381,9.100000381,9.100000381,8.899999619,9,9.199999809,10.19999981
Monaco,MCO,"Unemployment, total (% of total labor force) (modeled ILO estimate)",SL.UEM.TOTL.ZS,,,,,,,,,,,,,,,,,,,,,,,,
Moldova,MDA,"Unemployment, total (% of total labor force) (modeled ILO estimate)",SL.UEM.TOTL.ZS,7.599999905,6.900000095,6.300000191,6.5,6.599999905,6.5,3.299999952,5.599999905,11.10000038,8.5,7.300000191,6.800000191,7.900000095,8.100000381,7.300000191,7.400000095,5.099999905,4,6.400000095,7.400000095,6.699999809,5.599999905,5.099999905,3.400000095
Madagascar,MDG,"Unemployment, total (% of total labor force) (modeled ILO estimate)",SL.UEM.TOTL.ZS,2.900000095,3.200000048,3,3.599999905,3.099999905,3,2.700000048,2.599999905,2.599999905,2.599999905,4,4.400000095,5,3.799999952,2.599999905,3.900000095,4.099999905,4.300000191,4.800000191,3.599999905,3.599999905,3.599999905,3.599999905,3.599999905
Maldives,MDV,"Unemployment, total (% of total labor force) (modeled ILO estimate)",SL.UEM.TOTL.ZS,10,10.10000038,10.19999981,9.699999809,9.800000191,10.10000038,10.39999962,10.5,10.30000019,10.80000019,11.5,12.10000038,12.80000019,12.69999981,13.5,14.39999962,12.60000038,12.60000038,12.19999981,11.69999981,11.60000038,11.69999981,11.30000019,11.60000038
Middle East & North Africa,MEA,"Unemployment, total (% of total labor force) (modeled ILO estimate)",SL.UEM.TOTL.ZS,12.00806618,12.56169691,12.73773085,12.90053134,13.13827255,13.22556811,12.50184301,12.79483149,11.97513262,12.93726538,12.93140367,12.98870005,13.31198435,12.29939034,11.78572065,10.94358165,10.33351251,9.924997801,10.09862993,10.38387727,11.2162294,11.30023249,11.20311888,11.26297194
Mexico,MEX,"Unemployment, total (% of total labor force) (modeled ILO estimate)",SL.UEM.TOTL.ZS,3,3.099999905,3.200000048,4.199999809,6.900000095,5.199999809,4.099999905,3.599999905,2.5,2.599999905,2.5,2.900000095,3,3.700000048,3.5,3.200000048,3.400000095,3.5,5.199999809,5.199999809,5.300000191,4.900000095,4.900000095,4.900000095
Marshall Islands,MHL,"Unemployment, total (% of total labor force) (modeled ILO estimate)",SL.UEM.TOTL.ZS,,,,,,,,,,,,,,,,,,,,,,,,
Middle income,MIC,"Unemployment, total (% of total labor force) (modeled ILO estimate)",SL.UEM.TOTL.ZS,6.142981777,5.437826148,5.619505557,5.545474395,5.728372409,5.836692104,5.962752846,6.186771153,6.364687085,6.287002476,6.307433393,6.378212079,6.308844891,6.185533815,6.061296494,5.815550298,5.410307497,5.609412116,5.849120192,5.598232558,5.517095376,5.490374394,5.531897689,5.599287522
"Macedonia, FYR",MKD,"Unemployment, total (% of total labor force) (modeled ILO estimate)",SL.UEM.TOTL.ZS,30.20000076,30,29.5,31.60000038,31.89999962,34,36,34.5,32.40000153,32.20000076,30.5,31.89999962,36.70000076,37.20000076,37.29999924,36,34.90000153,33.79999924,32.20000076,32,31.39999962,31,29,27.89999962
Mali,MLI,"Unemployment, total (% of total labor force) (modeled ILO estimate)",SL.UEM.TOTL.ZS,8.399999619,8.600000381,8.600000381,8.699999809,8.899999619,8.600000381,8.300000191,8.5,8.199999809,8.300000191,8.300000191,8.399999619,8.600000381,8.800000191,8.5,8.300000191,8.5,8.399999619,8.5,8.100000381,8.100000381,8.100000381,8.100000381,8.100000381
Malta,MLT,"Unemployment, total (% of total labor force) (modeled ILO estimate)",SL.UEM.TOTL.ZS,6.800000191,6.199999809,7,7,7.300000191,7.099999905,7.099999905,6.300000191,7,6.300000191,7.099999905,6.900000095,7.5,7.300000191,7.300000191,6.900000095,6.5,6,6.900000095,6.900000095,6.5,6.400000095,6.5,5.900000095
Myanmar,MMR,"Unemployment, total (% of total labor force) (modeled ILO estimate)",SL.UEM.TOTL.ZS,3.900000095,3.799999952,3.799999952,3.799999952,3.799999952,3.799999952,3.799999952,4,3.599999905,3.5,3.5,3.5,3.400000095,3.400000095,3.400000095,3.400000095,3.299999952,3.5,3.5,3.400000095,3.400000095,3.299999952,3.299999952,3.299999952
Middle East & North Africa (excluding high income),MNA,"Unemployment, total (% of total labor force) (modeled ILO estimate)",SL.UEM.TOTL.ZS,12.94116046,13.49301869,13.74048247,14.10424154,14.50825176,14.54934113,13.64944552,13.93345948,13.11692395,14.24529029,14.22354965,14.23501393,14.57048306,13.4061763,12.88361969,11.95607582,11.37302489,11.03309964,11.22081225,11.64618301,12.67023015,12.81188581,12.76432731,12.88402006
Montenegro,MNE,"Unemployment, total (% of total labor force) (modeled ILO estimate)",SL.UEM.TOTL.ZS,18.60000038,19.29999924,20.10000038,21.5,19.5,19.89999962,21,20.39999962,21.20000076,19.70000076,21,21,21.10000038,19.29999924,19.5,18.20000076,19.39999962,16.79999924,19.10000038,19.70000076,19.70000076,19.60000038,19.5,19.10000038
Mongolia,MNG,"Unemployment, total (% of total labor force) (modeled ILO estimate)",SL.UEM.TOTL.ZS,5.900000095,5.900000095,6.099999905,6.300000191,7.300000191,6.199999809,6.300000191,6.199999809,6.199999809,6.099999905,6.099999905,6.199999809,6.800000191,7.099999905,6.900000095,5.900000095,7.199999809,5.599999905,5.900000095,6.5,4.800000191,5,5,4.800000191
Northern Mariana Islands,MNP,"Unemployment, total (% of total labor force) (modeled ILO estimate)",SL.UEM.TOTL.ZS,,,,,,,,,,,,,,,,,,,,,,,,
Mozambique,MOZ,"Unemployment, total (% of total labor force) (modeled ILO estimate)",SL.UEM.TOTL.ZS,23.89999962,24.39999962,23.70000076,23.79999924,23.89999962,23.29999924,23.39999962,23.20000076,23.20000076,23.29999924,22.79999924,22.79999924,22.70000076,22.70000076,22.60000038,22.60000038,22.60000038,22.60000038,22.60000038,22.60000038,22.60000038,22.60000038,22.5,22.60000038
Mauritania,MRT,"Unemployment, total (% of total labor force) (modeled ILO estimate)",SL.UEM.TOTL.ZS,31.89999962,32,32,32.09999847,32.20000076,32.20000076,32.29999924,32.29999924,32.29999924,32.40000153,32.40000153,32.40000153,32.5,32.5,32.09999847,31.79999924,31.39999962,31.20000076,31.10000038,31.10000038,31.10000038,31.10000038,31.10000038,31
Mauritius,MUS,"Unemployment, total (% of total labor force) (modeled ILO estimate)",SL.UEM.TOTL.ZS,9.5,9.399999619,9.300000191,9.199999809,9.399999619,8.800000191,8.300000191,8.600000381,9,7.800000191,6.800000191,7.199999809,7.699999809,8.5,9.600000381,9.100000381,8.5,7.199999809,7.300000191,7.699999809,7.900000095,8.699999809,8,7.699999809
Malawi,MWI,"Unemployment, total (% of total labor force) (modeled ILO estimate)",SL.UEM.TOTL.ZS,7.199999809,7.5,7.199999809,7.599999905,7.199999809,7.300000191,7.300000191,7.400000095,7.5,7.599999905,7.800000191,7.699999809,7.699999809,7.800000191,7.900000095,7.800000191,7.5,7.5,7.5,7.5,7.599999905,7.599999905,7.599999905,7.5
Malaysia,MYS,"Unemployment, total (% of total labor force) (modeled ILO estimate)",SL.UEM.TOTL.ZS,3.299999952,3.700000048,4.099999905,3.799999952,3.099999905,2.5,2.400000095,3.200000048,3.400000095,3,3.5,3.5,3.599999905,3.5,3.5,3.299999952,3.200000048,3.299999952,3.700000048,3.400000095,3.099999905,3,3.200000048,2
North America,NAC,"Unemployment, total (% of total labor force) (modeled ILO estimate)",SL.UEM.TOTL.ZS,7.25085751,7.964831374,7.444168657,6.619840102,6.076369909,5.904041742,5.403599638,4.964903427,4.626916648,4.368128725,5.040082236,6.083542387,6.255681586,5.767075029,5.355806068,4.866098389,4.836463748,5.921093723,9.283459476,9.517847992,8.827697734,8.091994363,7.367351501,6.276374507
Namibia,NAM,"Unemployment, total (% of total labor force) (modeled ILO estimate)",SL.UEM.TOTL.ZS,19,19,19.10000038,19.39999962,19.5,19.5,19.5,19.60000038,19.79999924,20.29999924,21.5,19.10000038,18.79999924,21.89999962,20.20000076,21.70000076,19.39999962,37.59999847,29.70000076,22.10000038,19.79999924,16.70000076,19,18.60000038
New Caledonia,NCL,"Unemployment, total (% of total labor force) (modeled ILO estimate)",SL.UEM.TOTL.ZS,,,,,,,,,,,,,,,,,,,,,,,,
Niger,NER,"Unemployment, total (% of total labor force) (modeled ILO estimate)",SL.UEM.TOTL.ZS,5.099999905,5.099999905,5.099999905,5.099999905,5.099999905,5.099999905,5.099999905,5.099999905,5,5,5,5,5,5,5.099999905,5.099999905,5.099999905,5.099999905,5.099999905,5.099999905,5.099999905,5.099999905,5.099999905,5.099999905
Nigeria,NGA,"Unemployment, total (% of total labor force) (modeled ILO estimate)",SL.UEM.TOTL.ZS,7.400000095,7.400000095,7.400000095,7.400000095,7.5,7.5,7.5,7.5,7.5,7.599999905,7.599999905,7.699999809,7.599999905,7.699999809,7.599999905,7.599999905,7.599999905,7.599999905,7.599999905,7.599999905,7.599999905,7.5,7.5,7.5
Nicaragua,NIC,"Unemployment, total (% of total labor force) (modeled ILO estimate)",SL.UEM.TOTL.ZS,4.699999809,4.699999809,4.699999809,4.099999905,4.900000095,4.400000095,4,4.599999905,5.099999905,6.199999809,5.900000095,5.599999905,8,6.699999809,5.599999905,5.300000191,5,6.199999809,7,8,7.800000191,7.099999905,5.300000191,5.300000191
Netherlands,NLD,"Unemployment, total (% of total labor force) (modeled ILO estimate)",SL.UEM.TOTL.ZS,7.300000191,5.599999905,6.300000191,7.199999809,7.199999809,6.400000095,5.5,4.400000095,3.599999905,2.700000048,2.099999905,2.599999905,3.599999905,4.599999905,4.699999809,3.900000095,3.200000048,2.799999952,3.400000095,4.5,4.400000095,5.300000191,6.699999809,6.900000095
Norway,NOR,"Unemployment, total (% of total labor force) (modeled ILO estimate)",SL.UEM.TOTL.ZS,5.400000095,5.900000095,6,5.300000191,4.900000095,4.800000191,3.900000095,3.200000048,3.200000048,3.400000095,3.400000095,3.900000095,4.400000095,4.400000095,4.599999905,3.400000095,2.5,2.599999905,3.200000048,3.599999905,3.299999952,3.200000048,3.5,3.400000095
Nepal,NPL,"Unemployment, total (% of total labor force) (modeled ILO estimate)",SL.UEM.TOTL.ZS,2.200000048,2.099999905,2.200000048,2.299999952,2.5,4.5,3.799999952,3.099999905,1.799999952,2.400000095,3.5,2.700000048,2,2,2.299999952,2.299999952,2.299999952,2.700000048,2.700000048,2.700000048,2.700000048,2.700000048,2.700000048,2.700000048
Nauru,NRU,"Unemployment, total (% of total labor force) (modeled ILO estimate)",SL.UEM.TOTL.ZS,,,,,,,,,,,,,,,,,,,,,,,,
New Zealand,NZL,"Unemployment, total (% of total labor force) (modeled ILO estimate)",SL.UEM.TOTL.ZS,10.60000038,10.60000038,9.800000191,8.399999619,6.5,6.300000191,6.800000191,7.699999809,7,6.199999809,5.400000095,5.300000191,4.800000191,4,3.799999952,3.900000095,3.700000048,4.199999809,6.099999905,6.5,6.5,6.900000095,6.199999809,5.599999905
OECD members,OED,"Unemployment, total (% of total labor force) (modeled ILO estimate)",SL.UEM.TOTL.ZS,6.741394871,7.323813554,7.797840498,7.768785383,7.518985421,7.337385573,7.036637521,6.897021136,6.676859327,6.273812002,6.289286931,6.89575054,6.990444973,6.90544236,6.638497537,6.111871639,5.670175151,5.97556185,8.196424512,8.377163831,7.990002543,8.033303678,7.896417408,7.335096557
Oman,OMN,"Unemployment, total (% of total labor force) (modeled ILO estimate)",SL.UEM.TOTL.ZS,7,6.699999809,6.5,6.400000095,6.5,6.699999809,7,7.400000095,7.699999809,8,8.100000381,8,7.900000095,7.800000191,7.800000191,7.800000191,7.800000191,7.699999809,7.699999809,7.599999905,7.5,7.400000095,7.300000191,7.199999809
Other small states,OSS,"Unemployment, total (% of total labor force) (modeled ILO estimate)",SL.UEM.TOTL.ZS,12.48393395,12.81288005,13.76458365,12.39541311,13.27867528,12.88666769,13.99396163,13.35127603,13.10436841,13.03834887,14.10537,12.94502859,13.86651167,13.65042658,13.24679251,12.09968341,11.20630541,12.43203664,12.30010796,11.65912717,11.37798715,10.89113513,10.91196313,10.9936722
Pakistan,PAK,"Unemployment, total (% of total labor force) (modeled ILO estimate)",SL.UEM.TOTL.ZS,5.900000095,5.199999809,4.300000191,4.300000191,5,5.300000191,5.800000191,5.699999809,6.099999905,7.199999809,7.400000095,7.800000191,7.699999809,7.400000095,7.099999905,6.099999905,5.099999905,5,5.199999809,5.099999905,5.099999905,5.099999905,5.099999905,5.199999809
Panama,PAN,"Unemployment, total (% of total labor force) (modeled ILO estimate)",SL.UEM.TOTL.ZS,16.10000038,14.69999981,13.30000019,14,14,14.5,13.39999962,14,11.80000019,13.5,14,13.5,13,11.69999981,9.800000191,8.699999809,6.400000095,5.599999905,6.599999905,6.5,4.5,4,4.099999905,4.300000191
Peru,PER,"Unemployment, total (% of total labor force) (modeled ILO estimate)",SL.UEM.TOTL.ZS,6,4.900000095,7.099999905,5.400000095,5.5,6.5,5.300000191,4.900000095,6.300000191,6.400000095,5.099999905,5.699999809,6.099999905,5.199999809,5.199999809,4.599999905,4.5,4.5,4.400000095,4,3.900000095,3.599999905,4,4.199999809
Philippines,PHL,"Unemployment, total (% of total labor force) (modeled ILO estimate)",SL.UEM.TOTL.ZS,9,8.600000381,8.899999619,8.399999619,8.399999619,7.400000095,7.900000095,9.399999619,9.399999619,11.19999981,11,11.5,11.19999981,11.89999962,7.699999809,8,7.400000095,7.300000191,7.5,7.300000191,7,7,7.099999905,7.099999905
Palau,PLW,"Unemployment, total (% of total labor force) (modeled ILO estimate)",SL.UEM.TOTL.ZS,,,,,,,,,,,,,,,,,,,,,,,,
Papua New Guinea,PNG,"Unemployment, total (% of total labor force) (modeled ILO estimate)",SL.UEM.TOTL.ZS,2.700000048,2.599999905,2.400000095,2.700000048,3,2.700000048,3,2.700000048,2.799999952,2.900000095,2.799999952,2.799999952,2.700000048,2.799999952,2.700000048,2.700000048,2.5,2.5,2.5,2.5,2.400000095,2.5,2.5,2.5
Poland,POL,"Unemployment, total (% of total labor force) (modeled ILO estimate)",SL.UEM.TOTL.ZS,11.30000019,13.30000019,14,14.39999962,13.30000019,12.39999962,11.19999981,10.69999981,12.5,16.10000038,18.20000076,19.89999962,19.60000038,19,17.70000076,13.80000019,9.600000381,7.099999905,8.199999809,9.600000381,9.600000381,10.10000038,10.39999962,9.199999809
Pre-demographic dividend,PRE,"Unemployment, total (% of total labor force) (modeled ILO estimate)",SL.UEM.TOTL.ZS,8.154391353,8.184675912,8.190946273,8.207023635,8.155075941,8.180225216,8.112114068,8.071999731,8.009525627,8.120924381,8.15899897,8.01902156,8.390563197,8.248213678,7.799830096,8.044283307,7.780053756,7.847753766,7.84910209,7.768243039,7.840908328,7.778895806,7.764268379,7.784924748
Puerto Rico,PRI,"Unemployment, total (% of total labor force) (modeled ILO estimate)",SL.UEM.TOTL.ZS,17.10000038,17.20000076,17.29999924,14.80000019,14.10000038,13.89999962,14.10000038,13.80000019,12.10000038,10.30000019,11.60000038,12.10000038,12,10.5,11.5,11.19999981,11.10000038,11.80000019,15.10000038,16.20000076,15.80000019,14.60000038,14.69999981,14.30000019
"Korea, Dem. Peoples Rep.",PRK,"Unemployment, total (% of total labor force) (modeled ILO estimate)",SL.UEM.TOTL.ZS,3.200000048,3.099999905,2.900000095,2.700000048,2.599999905,4.5,4.400000095,4.599999905,4.300000191,4.199999809,4.400000095,4.300000191,4.300000191,4.199999809,4.199999809,4.199999809,4.099999905,4.199999809,4.400000095,4.099999905,4.099999905,4.199999809,4.099999905,4.099999905
Portugal,PRT,"Unemployment, total (% of total labor force) (modeled ILO estimate)",SL.UEM.TOTL.ZS,3.900000095,3.900000095,5.300000191,6.5,6.800000191,6.800000191,6.300000191,4.900000095,4.400000095,3.900000095,4,5,6.300000191,6.699999809,7.599999905,7.699999809,8,7.599999905,9.5,10.80000019,12.69999981,15.60000038,16.5,14.19999981
Paraguay,PRY,"Unemployment, total (% of total labor force) (modeled ILO estimate)",SL.UEM.TOTL.ZS,6.5,5,7,6.199999809,3.400000095,4.400000095,5.300000191,5.300000191,6.599999905,7.599999905,7.599999905,10.69999981,7.900000095,7.400000095,5.800000191,6.699999809,5.599999905,5.599999905,6.5,5.699999809,4.300000191,4.900000095,5,4.5
Pacific island small states,PSS,"Unemployment, total (% of total labor force) (modeled ILO estimate)",SL.UEM.TOTL.ZS,,,,,,,,,,,,,,,,,,,,,,,,
Post-demographic dividend,PST,"Unemployment, total (% of total labor force) (modeled ILO estimate)",SL.UEM.TOTL.ZS,6.793828074,7.33166714,7.905786399,7.739536181,7.319225737,7.413437224,7.262361466,7.280969689,7.017761845,6.5064545,6.383411865,6.779051636,6.836615431,6.652344267,6.354709327,5.952914635,5.555026713,5.897914099,8.079836453,8.355277185,8.0391573,8.144455707,8.023118367,7.427818504
French Polynesia,PYF,"Unemployment, total (% of total labor force) (modeled ILO estimate)",SL.UEM.TOTL.ZS,,,,,,,,,,,,,,,,,,,,,,,,
Qatar,QAT,"Unemployment, total (% of total labor force) (modeled ILO estimate)",SL.UEM.TOTL.ZS,0.5,0.200000003,0.300000012,0.400000006,0.400000006,0.5,0.600000024,0.300000012,0.5,1,0.800000012,0.699999988,1.100000024,1.5,1.100000024,0.899999976,0.5,0.300000012,0.300000012,0.400000006,0.600000024,0.5,0.300000012,0.300000012
Romania,ROU,"Unemployment, total (% of total labor force) (modeled ILO estimate)",SL.UEM.TOTL.ZS,7.800000191,8.600000381,8.399999619,8.199999809,8,6.699999809,5.5,5.599999905,6.199999809,7,6.599999905,8.100000381,7,7.699999809,7.199999809,7.300000191,6.400000095,5.800000191,6.900000095,7.300000191,7.400000095,7,7.300000191,7
Russian Federation,RUS,"Unemployment, total (% of total labor force) (modeled ILO estimate)",SL.UEM.TOTL.ZS,12.19999981,5.199999809,5.900000095,8.100000381,9.399999619,9.699999809,11.80000019,13.30000019,13,10.60000038,9,7.900000095,8.199999809,7.800000191,7.099999905,7.099999905,6,6.199999809,8.300000191,7.300000191,6.5,5.5,5.5,5.099999905
Rwanda,RWA,"Unemployment, total (% of total labor force) (modeled ILO estimate)",SL.UEM.TOTL.ZS,0.600000024,0.600000024,0.600000024,0.600000024,0.600000024,0.600000024,0.600000024,0.600000024,0.600000024,0.600000024,0.600000024,0.600000024,0.600000024,0.600000024,0.600000024,0.600000024,0.600000024,0.600000024,0.600000024,0.600000024,0.600000024,0.600000024,0.600000024,0.600000024
South Asia,SAS,"Unemployment, total (% of total labor force) (modeled ILO estimate)",SL.UEM.TOTL.ZS,4.498954256,4.316787533,4.313165912,3.819209659,4.080503818,4.090378268,4.30183026,4.140065012,4.432474998,4.459881977,4.284793991,4.54017856,4.303155343,4.310178602,4.650002958,4.476672056,3.938591813,4.249849954,4.189908677,3.823739458,3.821259793,3.892546207,3.908677612,3.898770718
Saudi Arabia,SAU,"Unemployment, total (% of total labor force) (modeled ILO estimate)",SL.UEM.TOTL.ZS,6.599999905,6,5.900000095,4.900000095,5.400000095,6,6.199999809,6.400000095,4.300000191,4.599999905,4.599999905,5.199999809,5.900000095,5.900000095,5.900000095,6.300000191,5.699999809,5.099999905,5.400000095,5.400000095,5.800000191,5.599999905,5.699999809,5.599999905
Sudan,SDN,"Unemployment, total (% of total labor force) (modeled ILO estimate)",SL.UEM.TOTL.ZS,15.10000038,14.89999962,15,14.89999962,14.89999962,14.89999962,15.30000019,15,15,15,14.80000019,14.80000019,14.80000019,14.80000019,14.69999981,14.80000019,14.69999981,14.80000019,14.60000038,14.60000038,14.60000038,14.60000038,14.60000038,14.80000019
Senegal,SEN,"Unemployment, total (% of total labor force) (modeled ILO estimate)",SL.UEM.TOTL.ZS,10.60000038,8.399999619,8.699999809,9,9.300000191,10.5,10.39999962,9.100000381,8.899999619,10.39999962,9.699999809,5.699999809,8.699999809,9.100000381,9.199999809,10,8.800000191,9.399999619,9.899999619,9.100000381,10.39999962,10.30000019,10.30000019,10
Singapore,SGP,"Unemployment, total (% of total labor force) (modeled ILO estimate)",SL.UEM.TOTL.ZS,2.900000095,2.200000048,2.099999905,2.200000048,2.200000048,2.200000048,2,3.5,3.799999952,3.700000048,3.700000048,4.800000191,5.199999809,4.400000095,4.099999905,3.599999905,3,3.200000048,4.300000191,3.099999905,2.900000095,2.799999952,2.799999952,3
Solomon Islands,SLB,"Unemployment, total (% of total labor force) (modeled ILO estimate)",SL.UEM.TOTL.ZS,4,3.799999952,4.099999905,4,4,4.199999809,4.300000191,4.199999809,4.199999809,4.699999809,4.400000095,4.199999809,3.900000095,3.799999952,3.599999905,3.799999952,3.799999952,3.700000048,4.099999905,3.700000048,3.599999905,3.799999952,3.799999952,3.900000095
Sierra Leone,SLE,"Unemployment, total (% of total labor force) (modeled ILO estimate)",SL.UEM.TOTL.ZS,3.400000095,3.400000095,3.400000095,3.400000095,3.400000095,3.400000095,3.400000095,3.400000095,3.400000095,3.299999952,3.299999952,3.299999952,3.400000095,3.400000095,3.400000095,3.400000095,3.400000095,3.400000095,3.400000095,3.400000095,3.400000095,3.400000095,3.400000095,3.299999952
El Salvador,SLV,"Unemployment, total (% of total labor force) (modeled ILO estimate)",SL.UEM.TOTL.ZS,6.5,8,9.899999619,7.699999809,7.599999905,7.699999809,8,7.300000191,7,7,7,6.199999809,6.900000095,6.800000191,7.199999809,6.599999905,6.300000191,5.900000095,7.300000191,7,6.599999905,6.099999905,5.900000095,6.199999809
San Marino,SMR,"Unemployment, total (% of total labor force) (modeled ILO estimate)",SL.UEM.TOTL.ZS,,,,,,,,,,,,,,,,,,,,,,,,
Somalia,SOM,"Unemployment, total (% of total labor force) (modeled ILO estimate)",SL.UEM.TOTL.ZS,6.900000095,6.900000095,6.900000095,6.900000095,6.900000095,6.800000191,6.800000191,6.900000095,6.900000095,6.900000095,6.800000191,6.900000095,6.900000095,6.900000095,6.900000095,6.900000095,6.900000095,6.900000095,6.900000095,6.900000095,6.900000095,6.900000095,6.900000095,6.900000095
Serbia,SRB,"Unemployment, total (% of total labor force) (modeled ILO estimate)",SL.UEM.TOTL.ZS,12.60000038,14,17,22.5,13.39999962,13.19999981,13.80000019,13.69999981,13.69999981,12.60000038,12.80000019,13.80000019,15.19999981,18.5,20.79999924,20.79999924,18.10000038,13.60000038,16.60000038,19.20000076,23,23.89999962,22.10000038,22.20000076
Sub-Saharan Africa (excluding high income),SSA,"Unemployment, total (% of total labor force) (modeled ILO estimate)",SL.UEM.TOTL.ZS,8.716543095,8.603847112,8.801600714,8.447791013,8.334526455,8.523875576,8.691461327,8.860052916,9.012433453,9.113319952,8.966747545,8.848592722,8.740438871,8.360993681,8.114143066,8.21629188,7.944351884,8.14805872,8.099240621,8.102703032,8.118308838,8.091930356,7.912281555,7.970089909
South Sudan,SSD,"Unemployment, total (% of total labor force) (modeled ILO estimate)",SL.UEM.TOTL.ZS,,,,,,,,,,,,,,,,,,,,,,,,
Sub-Saharan Africa,SSF,"Unemployment, total (% of total labor force) (modeled ILO estimate)",SL.UEM.TOTL.ZS,8.716543095,8.603847112,8.801600714,8.447791013,8.334526455,8.523875576,8.691461327,8.860052916,9.012433453,9.113319952,8.966747545,8.848592722,8.740438871,8.360993681,8.114143066,8.21629188,7.944351884,8.14805872,8.099240621,8.102703032,8.118308838,8.091930356,7.912281555,7.970089909
Small states,SST,"Unemployment, total (% of total labor force) (modeled ILO estimate)",SL.UEM.TOTL.ZS,12.88337534,13.33774713,14.12155436,12.90319723,13.41611533,13.05641524,13.82039425,13.19815974,12.97978229,12.83424261,13.31206236,12.41600973,13.06353009,12.5615419,12.16131775,11.14301537,10.40450919,11.44901802,11.63277679,11.24136267,10.99007718,10.73977539,10.78274093,10.71509123
Sao Tome and Principe,STP,"Unemployment, total (% of total labor force) (modeled ILO estimate)",SL.UEM.TOTL.ZS,,,,,,,,,,,,,,,,,,,,,,,,
Suriname,SUR,"Unemployment, total (% of total labor force) (modeled ILO estimate)",SL.UEM.TOTL.ZS,10.60000038,17.29999924,14.69999981,12.69999981,8.399999619,10.89999962,10.5,10.60000038,13.80000019,14.80000019,6.199999809,7,14.89999962,9.800000191,6.300000191,10.39999962,6.5,5.800000191,9,7.599999905,6.900000095,6.300000191,4.800000191,5.599999905
Slovak Republic,SVK,"Unemployment, total (% of total labor force) (modeled ILO estimate)",SL.UEM.TOTL.ZS,10.80000019,11.10000038,12.19999981,13.69999981,13.10000038,11.30000019,11.89999962,12.60000038,16.39999962,18.79999924,19.29999924,18.60000038,17.5,18.10000038,16.20000076,13.30000019,11,9.600000381,12.10000038,14.39999962,13.5,13.89999962,14.19999981,13.30000019
Slovenia,SVN,"Unemployment, total (% of total labor force) (modeled ILO estimate)",SL.UEM.TOTL.ZS,5.400000095,4.900000095,8.699999809,8.199999809,7.199999809,6.900000095,6.599999905,7.400000095,7.300000191,6.900000095,5.699999809,6.300000191,6.699999809,6.300000191,6.5,6,4.800000191,4.400000095,5.900000095,7.199999809,8.199999809,8.800000191,10.19999981,9.5
Sweden,SWE,"Unemployment, total (% of total labor force) (modeled ILO estimate)",SL.UEM.TOTL.ZS,3.299999952,5.800000191,9.5,9.800000191,9.300000191,10.10000038,10.19999981,8.5,7.300000191,5.900000095,5.099999905,5.300000191,5.900000095,6.599999905,7.800000191,7.099999905,6.199999809,6.300000191,8.399999619,8.699999809,7.800000191,8.100000381,8.100000381,8
Swaziland,SWZ,"Unemployment, total (% of total labor force) (modeled ILO estimate)",SL.UEM.TOTL.ZS,22.89999962,22.70000076,22.60000038,22.5,21.70000076,22,22.5,22.60000038,22.60000038,22.70000076,22.79999924,22.79999924,22.79999924,22.89999962,22.89999962,22.89999962,23,23,22.89999962,22.79999924,22.70000076,22.5,22.29999924,22.29999924
Sint Maarten (Dutch part),SXM,"Unemployment, total (% of total labor force) (modeled ILO estimate)",SL.UEM.TOTL.ZS,,,,,,,,,,,,,,,,,,,,,,,,
Seychelles,SYC,"Unemployment, total (% of total labor force) (modeled ILO estimate)",SL.UEM.TOTL.ZS,,,,,,,,,,,,,,,,,,,,,,,,
Syrian Arab Republic,SYR,"Unemployment, total (% of total labor force) (modeled ILO estimate)",SL.UEM.TOTL.ZS,9.399999619,9.600000381,7.400000095,7.400000095,7.199999809,9.5,9.5,7.199999809,7.599999905,9.5,11.60000038,11.69999981,10.30000019,9.800000191,9.199999809,8.199999809,8.399999619,10.89999962,8.100000381,8.399999619,11.5,11.39999962,11.30000019,10.80000019
Turks and Caicos Islands,TCA,"Unemployment, total (% of total labor force) (modeled ILO estimate)",SL.UEM.TOTL.ZS,,,,,,,,,,,,,,,,,,,,,,,,
Chad,TCD,"Unemployment, total (% of total labor force) (modeled ILO estimate)",SL.UEM.TOTL.ZS,6.800000191,6.900000095,7,6.900000095,7,7,7,7,7.099999905,7.099999905,6.900000095,7,6.900000095,6.699999809,7,7.099999905,7.099999905,7.099999905,7,6.900000095,7.099999905,7,7.099999905,7
East Asia & Pacific (IDA & IBRD countries),TEA,"Unemployment, total (% of total labor force) (modeled ILO estimate)",SL.UEM.TOTL.ZS,4.891276258,4.153397506,4.247682942,4.277196603,4.301454627,4.373813949,4.45047231,4.728578449,4.790198485,4.648855528,4.881496019,4.865938375,4.829342949,4.882761504,4.714373848,4.564109488,4.270895519,4.641640011,4.623976481,4.369108784,4.333355725,4.410486263,4.53004765,4.590353693
Europe & Central Asia (IDA & IBRD countries),TEC,"Unemployment, total (% of total labor force) (modeled ILO estimate)",SL.UEM.TOTL.ZS,10.64159837,8.358916793,9.094921098,9.642713154,9.632824444,9.652837698,10.42835096,11.26738827,11.59628117,11.00861973,10.93060106,10.61858577,10.48699542,10.32494749,9.644886773,9.200384222,8.192957183,7.8621262,9.542095952,9.114785208,8.590843598,8.147809342,8.068316385,7.829583784
Togo,TGO,"Unemployment, total (% of total labor force) (modeled ILO estimate)",SL.UEM.TOTL.ZS,7.099999905,7.199999809,7.400000095,7,7.099999905,7.099999905,7.099999905,7.199999809,7.199999809,7.199999809,7.199999809,7.199999809,7.099999905,7.099999905,7.099999905,7.099999905,7.099999905,7.099999905,7,7,7,7,6.900000095,6.900000095
Thailand,THA,"Unemployment, total (% of total labor force) (modeled ILO estimate)",SL.UEM.TOTL.ZS,2.700000048,1.399999976,1.5,1.299999952,1.200000048,1.100000024,0.899999976,3.400000095,3,2.400000095,2.599999905,1.799999952,1.5,1.5,1.299999952,1.200000048,1.200000048,1.200000048,1.5,1,0.699999988,0.699999988,0.699999988,0.899999976
Tajikistan,TJK,"Unemployment, total (% of total labor force) (modeled ILO estimate)",SL.UEM.TOTL.ZS,11.69999981,11.60000038,11.69999981,11.30000019,11.69999981,11.19999981,11.30000019,11.69999981,11.89999962,11.89999962,12,12.39999962,12.19999981,12.10000038,11.80000019,11.80000019,11.69999981,11.30000019,11.5,11.60000038,11.39999962,11.10000038,11.19999981,10.89999962
Turkmenistan,TKM,"Unemployment, total (% of total labor force) (modeled ILO estimate)",SL.UEM.TOTL.ZS,11,10.89999962,10.89999962,10.89999962,10.89999962,10.5,10.30000019,10.89999962,11.19999981,11.19999981,11.30000019,11.10000038,11.19999981,11.10000038,11.10000038,11,11,11.10000038,10.80000019,10.89999962,11,10.80000019,10.69999981,10.5
Latin America & the Caribbean (IDA & IBRD countries),TLA,"Unemployment, total (% of total labor force) (modeled ILO estimate)",SL.UEM.TOTL.ZS,6.885812445,6.417077822,6.778614888,7.039966495,8.019272915,8.193013781,7.855615806,8.090003077,8.693555304,8.876483671,8.869955243,9.185895218,9.231488232,8.605273848,8.125896355,7.424137756,6.971259816,6.514138926,7.590302404,7.317144803,6.687505198,6.26527238,6.2975681,6.595051101
Middle East & North Africa (IDA & IBRD countries),TMN,"Unemployment, total (% of total labor force) (modeled ILO estimate)",SL.UEM.TOTL.ZS,12.92224415,13.384659,13.72046111,14.01406154,14.45732689,14.48180086,13.60025529,13.93003111,13.12634444,14.24634436,14.14385457,14.11387914,14.4575577,13.30289051,12.78165284,11.86228075,11.28818427,10.90280335,11.10727976,11.5430824,12.59767658,12.72113403,12.66741726,12.76012593
Timor-Leste,TLS,"Unemployment, total (% of total labor force) (modeled ILO estimate)",SL.UEM.TOTL.ZS,7.5,7.300000191,7.099999905,6.900000095,6.800000191,6.699999809,6.699999809,7.199999809,6.699999809,6.5,9.899999619,9.199999809,8.5,7.900000095,7.199999809,6.5,6.699999809,5.900000095,5.199999809,3.900000095,3.700000048,4.099999905,4.300000191,4.699999809
Tonga,TON,"Unemployment, total (% of total labor force) (modeled ILO estimate)",SL.UEM.TOTL.ZS,,,,,,,,,,,,,,,,,,,,,,,,
South Asia (IDA & IBRD),TSA,"Unemployment, total (% of total labor force) (modeled ILO estimate)",SL.UEM.TOTL.ZS,4.498954256,4.316787533,4.313165912,3.819209659,4.080503818,4.090378268,4.30183026,4.140065012,4.432474998,4.459881977,4.284793991,4.54017856,4.303155343,4.310178602,4.650002958,4.476672056,3.938591813,4.249849954,4.189908677,3.823739458,3.821259793,3.892546207,3.908677612,3.898770718
Sub-Saharan Africa (IDA & IBRD countries),TSS,"Unemployment, total (% of total labor force) (modeled ILO estimate)",SL.UEM.TOTL.ZS,8.716543095,8.603847112,8.801600714,8.447791013,8.334526455,8.523875576,8.691461327,8.860052916,9.012433453,9.113319952,8.966747545,8.848592722,8.740438871,8.360993681,8.114143066,8.21629188,7.944351884,8.14805872,8.099240621,8.102703032,8.118308838,8.091930356,7.912281555,7.970089909
Trinidad and Tobago,TTO,"Unemployment, total (% of total labor force) (modeled ILO estimate)",SL.UEM.TOTL.ZS,18.5,19.60000038,19.79999924,18.39999962,17.20000076,16.29999924,15,14.19999981,13.10000038,12.10000038,10.80000019,10.39999962,10.5,8.300000191,8,6.300000191,5.5,4.599999905,5.300000191,5.900000095,4.699999809,5,3.599999905,4
Tunisia,TUN,"Unemployment, total (% of total labor force) (modeled ILO estimate)",SL.UEM.TOTL.ZS,16.79999924,15.69999981,14.69999981,15.39999962,14.5,15.19999981,15.89999962,17.29999924,16,15.69999981,15.10000038,15.30000019,14.5,13.89999962,14.19999981,12.5,12.39999962,12.39999962,13.30000019,13,18.29999924,14,13.30000019,13.30000019
Turkey,TUR,"Unemployment, total (% of total labor force) (modeled ILO estimate)",SL.UEM.TOTL.ZS,8.199999809,8.5,9,8.600000381,7.599999905,6.599999905,6.800000191,6.900000095,7.699999809,6.5,8.399999619,10.39999962,10.5,10.80000019,10.60000038,10.19999981,10.30000019,11,14,11.89999962,9.800000191,9.199999809,8.699999809,9.199999809
Tuvalu,TUV,"Unemployment, total (% of total labor force) (modeled ILO estimate)",SL.UEM.TOTL.ZS,,,,,,,,,,,,,,,,,,,,,,,,
Tanzania,TZA,"Unemployment, total (% of total labor force) (modeled ILO estimate)",SL.UEM.TOTL.ZS,3.599999905,3.5,3.700000048,3.799999952,4.699999809,5,4.599999905,4.800000191,4.599999905,5.099999905,5.099999905,3.599999905,3.5,3,2.5,4.300000191,2,2.5,2.5,3,3.5,3.200000048,2.900000095,3.099999905
Uganda,UGA,"Unemployment, total (% of total labor force) (modeled ILO estimate)",SL.UEM.TOTL.ZS,3,2.900000095,2.700000048,3.200000048,2.700000048,2.200000048,2.799999952,2.799999952,2.799999952,2.799999952,2.400000095,3.5,3.200000048,2.5,2,3.599999905,3,3.599999905,4.199999809,4.199999809,4.199999809,4.199999809,4.199999809,3.799999952
Ukraine,UKR,"Unemployment, total (% of total labor force) (modeled ILO estimate)",SL.UEM.TOTL.ZS,6.800000191,7.5,8.699999809,7,5.599999905,7.599999905,8.899999619,11.30000019,11.60000038,11.60000038,10.89999962,9.600000381,9.100000381,8.600000381,7.199999809,6.800000191,6.400000095,6.400000095,8.800000191,8.100000381,7.900000095,7.5,7.199999809,7.699999809
Upper middle income,UMC,"Unemployment, total (% of total labor force) (modeled ILO estimate)",SL.UEM.TOTL.ZS,6.48505405,5.609756246,5.720857091,5.84706369,6.194963259,6.335162937,6.374861591,6.707471745,6.838007236,6.641471074,6.579130138,6.539733421,6.507509264,6.275313984,5.961291421,5.711906695,5.400659358,5.666749617,6.116531211,5.887388903,5.73788625,5.729586934,5.785331772,5.896019567
Uruguay,URY,"Unemployment, total (% of total labor force) (modeled ILO estimate)",SL.UEM.TOTL.ZS,7,7.300000191,7.5,7.5,10.69999981,10.89999962,9.399999619,8.800000191,9.800000191,10.69999981,9.699999809,8.600000381,7.599999905,7.599999905,8.5,10.60000038,9.199999809,7.599999905,7.300000191,7.199999809,6.300000191,6.5,6.599999905,7
United States,USA,"Unemployment, total (% of total labor force) (modeled ILO estimate)",SL.UEM.TOTL.ZS,6.900000095,7.599999905,7,6.199999809,5.699999809,5.5,5,4.599999905,4.300000191,4.099999905,4.800000191,5.900000095,6.099999905,5.599999905,5.199999809,4.699999809,4.699999809,5.900000095,9.399999619,9.699999809,9,8.199999809,7.400000095,6.199999809
Uzbekistan,UZB,"Unemployment, total (% of total labor force) (modeled ILO estimate)",SL.UEM.TOTL.ZS,10.89999962,10.89999962,10.89999962,10.89999962,10.89999962,10.80000019,10.89999962,10.89999962,10.89999962,10.89999962,10.89999962,10.80000019,10.89999962,11,10.89999962,11,11,11,11,10.89999962,10.89999962,10.80000019,10.80000019,10.60000038
St. Vincent and the Grenadines,VCT,"Unemployment, total (% of total labor force) (modeled ILO estimate)",SL.UEM.TOTL.ZS,,,,,,,,,,,,,,,,,,,,,,,,
"Venezuela, RB",VEN,"Unemployment, total (% of total labor force) (modeled ILO estimate)",SL.UEM.TOTL.ZS,9.5,7.699999809,6.699999809,8.600000381,10.19999981,12.39999962,10.60000038,11,14.5,13.19999981,12.80000019,16.20000076,16.79999924,15,11.39999962,9.300000191,7.5,6.900000095,7.800000191,8.600000381,8.300000191,8.100000381,7.5,8.600000381
British Virgin Islands,VGB,"Unemployment, total (% of total labor force) (modeled ILO estimate)",SL.UEM.TOTL.ZS,,,,,,,,,,,,,,,,,,,,,,,,
Virgin Islands (U.S.),VIR,"Unemployment, total (% of total labor force) (modeled ILO estimate)",SL.UEM.TOTL.ZS,,,,,,,,,,,,,,,,,,,,,,,,
Vietnam,VNM,"Unemployment, total (% of total labor force) (modeled ILO estimate)",SL.UEM.TOTL.ZS,2.5,2.700000048,3,2.5,2.099999905,1.899999976,2.900000095,2.299999952,2.299999952,2.299999952,2.799999952,2.099999905,2.299999952,2.099999905,2.099999905,2.299999952,2.299999952,2.400000095,2.599999905,2.599999905,2,1.799999952,2.200000048,2.299999952
Vanuatu,VUT,"Unemployment, total (% of total labor force) (modeled ILO estimate)",SL.UEM.TOTL.ZS,,,,,,,,,,,,,,,,,,,,,,,,
West Bank and Gaza,PSE,"Unemployment, total (% of total labor force) (modeled ILO estimate)",SL.UEM.TOTL.ZS,15.69999981,29.10000038,16.60000038,26.89999962,21.60000038,23.79999924,20.29999924,14.39999962,11.80000019,14.10000038,24.89999962,30.70000076,29.60000038,26.79999924,26,23.60000038,21.60000038,26,24.5,23.70000076,21,23,23.39999962,26.20000076
World,WLD,"Unemployment, total (% of total labor force) (modeled ILO estimate)",SL.UEM.TOTL.ZS,6.299013215,5.888352396,6.113554029,6.051523063,6.12106166,6.187590652,6.235891946,6.390865496,6.482353298,6.355344799,6.358504415,6.488955341,6.44803315,6.310303782,6.159320663,5.89997626,5.483626964,5.692450066,6.254371599,6.113656184,5.9946901,5.994816164,5.99341815,5.932298644
Samoa,WSM,"Unemployment, total (% of total labor force) (modeled ILO estimate)",SL.UEM.TOTL.ZS,,,,,,,,,,,,,,,,,,,,,,,,
"Yemen, Rep.",YEM,"Unemployment, total (% of total labor force) (modeled ILO estimate)",SL.UEM.TOTL.ZS,13.80000019,12.5,11.19999981,13.5,12.89999962,12.39999962,13.60000038,15,13.60000038,16.10000038,14,14,14.30000019,14.19999981,16.10000038,15.69999981,15.30000019,15,14.60000038,17.79999924,17.60000038,17.70000076,17.70000076,17.39999962
South Africa,ZAF,"Unemployment, total (% of total labor force) (modeled ILO estimate)",SL.UEM.TOTL.ZS,24.5,23.70000076,25.29999924,20,16.89999962,21,22.89999962,25,25.39999962,26.70000076,25.39999962,27.20000076,27.10000038,24.70000076,23.79999924,22.60000038,22.29999924,22.70000076,23.70000076,24.70000076,24.70000076,25,24.60000038,25.10000038
"Congo, Dem. Rep.",COD,"Unemployment, total (% of total labor force) (modeled ILO estimate)",SL.UEM.TOTL.ZS,8.199999809,8.199999809,8.199999809,8.199999809,8.199999809,8.199999809,8.199999809,8.199999809,8.199999809,8.199999809,8.199999809,8.199999809,8.199999809,8.199999809,8.199999809,8.199999809,8.199999809,8.199999809,8.199999809,8.199999809,8.199999809,8.199999809,8.199999809,8
Zambia,ZMB,"Unemployment, total (% of total labor force) (modeled ILO estimate)",SL.UEM.TOTL.ZS,18.89999962,19.10000038,19.70000076,19,18.5,15.30000019,14.5,12,12.19999981,12.89999962,14.5,14.69999981,15.19999981,15.30000019,15.89999962,15.60000038,15.19999981,15.60000038,14.80000019,13.19999981,13.19999981,13.10000038,13.10000038,13.30000019
Zimbabwe,ZWE,"Unemployment, total (% of total labor force) (modeled ILO estimate)",SL.UEM.TOTL.ZS,5.699999809,5.699999809,5.900000095,5,5.5,6,6.900000095,6.5,6,6.300000191,5.099999905,4.800000191,4.5,4.199999809,4.599999905,5.099999905,5.099999905,5.699999809,6.400000095,5.5,5.400000095,5.300000191,5.300000191,5.400000095
